-- phpMyAdmin SQL Dump
-- version 5.2.1
-- https://www.phpmyadmin.net/
--
-- ホスト: 127.0.0.1
-- 生成日時: 2025-09-16 02:35:27
-- サーバのバージョン： 10.4.32-MariaDB
-- PHP のバージョン: 8.2.12

SET SQL_MODE = "NO_AUTO_VALUE_ON_ZERO";
START TRANSACTION;
SET time_zone = "+00:00";


/*!40101 SET @OLD_CHARACTER_SET_CLIENT=@@CHARACTER_SET_CLIENT */;
/*!40101 SET @OLD_CHARACTER_SET_RESULTS=@@CHARACTER_SET_RESULTS */;
/*!40101 SET @OLD_COLLATION_CONNECTION=@@COLLATION_CONNECTION */;
/*!40101 SET NAMES utf8mb4 */;

--
-- データベース: `mmp_machine_layout`
--

-- --------------------------------------------------------

--
-- テーブルの構造 `departments`
--

CREATE TABLE `departments` (
  `id` int(11) NOT NULL,
  `name` varchar(50) NOT NULL COMMENT 'Tên bộ phận',
  `description` text DEFAULT NULL COMMENT 'Mô tả bộ phận'
) ENGINE=InnoDB DEFAULT CHARSET=utf8 COLLATE=utf8_unicode_ci;

--
-- テーブルのデータのダンプ `departments`
--

INSERT INTO `departments` (`id`, `name`, `description`) VALUES
(1, 'Sensin', NULL),
(2, 'System', ''),
(3, 'IFS', '');

-- --------------------------------------------------------

--
-- テーブルの構造 `logs`
--

CREATE TABLE `logs` (
  `id` int(11) NOT NULL,
  `ip_address` varchar(20) NOT NULL,
  `action` varchar(200) NOT NULL,
  `created_at` timestamp NOT NULL DEFAULT current_timestamp(),
  `user_name` varchar(11) DEFAULT NULL COMMENT 'Mã số nhân viên'
) ENGINE=InnoDB DEFAULT CHARSET=utf8 COLLATE=utf8_unicode_ci;

--
-- テーブルのデータのダンプ `logs`
--

INSERT INTO `logs` (`id`, `ip_address`, `action`, `created_at`, `user_name`) VALUES
(1, '::1', 'Đăng ký bộ phận mới: System - ', '2025-09-04 03:43:56', 'kuwa'),
(2, '::1', 'Đăng ký bộ phận mới: IFS - ', '2025-09-04 03:47:30', 'kuwa'),
(3, '::1', 'Tạo mới role: leader - ', '2025-09-05 02:54:56', 'kuwa'),
(4, '::1', 'Cập nhật role ID: 1 → admin', '2025-09-09 05:56:47', 'kuwa'),
(5, '::1', 'Cập nhật user ID: 3', '2025-09-09 06:10:44', 'kuwa'),
(6, '::1', 'Cập nhật user ID: 4', '2025-09-09 07:26:00', 'kuwa'),
(7, '::1', 'Tạo mới role: staff - ', '2025-09-09 07:27:05', 'kuwa'),
(8, '::1', 'Cập nhật user ID: 4', '2025-09-09 07:27:22', 'kuwa');

-- --------------------------------------------------------

--
-- テーブルの構造 `machine_status_history`
--

CREATE TABLE `machine_status_history` (
  `ID` int(11) NOT NULL,
  `factory_type` int(11) NOT NULL,
  `machine_no` int(11) NOT NULL,
  `machine_type` int(11) NOT NULL,
  `status` int(11) NOT NULL,
  `production` int(11) NOT NULL,
  `CT` decimal(8,2) NOT NULL,
  `X` int(11) NOT NULL,
  `Y` int(11) NOT NULL,
  `updated_at` datetime NOT NULL
) ENGINE=InnoDB DEFAULT CHARSET=utf8 COLLATE=utf8_unicode_ci;

--
-- テーブルのデータのダンプ `machine_status_history`
--

INSERT INTO `machine_status_history` (`ID`, `factory_type`, `machine_no`, `machine_type`, `status`, `production`, `CT`, `X`, `Y`, `updated_at`) VALUES
(1, 2, 2201, 10, 0, 424, 13.00, 2013, 1394, '2025-09-09 18:19:20'),
(2, 2, 2202, 10, 1, 1155, 13.00, 2120, 1451, '2025-09-09 18:22:04'),
(3, 2, 2203, 10, 0, 131, 13.00, 2226, 1505, '2025-09-09 18:23:54'),
(4, 2, 2204, 10, 0, 97, 13.00, 2332, 1554, '2025-09-10 09:53:38'),
(5, 2, 2206, 10, 0, 676, 13.00, 1803, 1539, '2025-09-10 09:53:38'),
(6, 2, 2207, 10, 0, 1972, 13.00, 1910, 1596, '2025-09-10 09:53:38'),
(7, 2, 2208, 10, 0, 1368, 13.00, 2016, 1650, '2025-09-10 09:53:38'),
(8, 2, 2209, 10, 0, 240, 13.00, 2122, 1699, '2025-09-10 09:53:38'),
(9, 2, 2211, 10, 0, 268, 13.00, 1593, 1684, '2025-09-10 09:53:38'),
(10, 2, 2212, 10, 1, 924, 13.00, 1700, 1741, '2025-09-10 09:53:38'),
(11, 2, 2213, 10, 1, 1142, 13.00, 1806, 1795, '2025-09-10 09:53:38'),
(12, 2, 2214, 10, 1, 1375, 13.00, 1912, 1844, '2025-09-10 09:53:38'),
(13, 2, 2216, 10, 1, 1855, 13.00, 2230, 1252, '2025-09-10 09:53:38'),
(14, 2, 2217, 10, 0, 863, 13.00, 2337, 1308, '2025-09-10 09:56:36'),
(15, 2, 2218, 10, 0, 1704, 13.00, 2443, 1361, '2025-09-10 09:56:36'),
(16, 2, 2221, 10, 1, 603, 13.00, 2444, 1103, '2025-09-10 09:56:36'),
(17, 2, 2222, 10, 1, 119, 13.00, 2551, 1160, '2025-09-10 09:56:36'),
(18, 2, 2223, 10, 1, 842, 13.00, 2657, 1213, '2025-09-10 09:56:36'),
(19, 2, 2226, 10, 1, 918, 13.00, 2660, 955, '2025-09-10 09:56:36'),
(20, 2, 2227, 10, 1, 1876, 13.00, 2767, 1011, '2025-09-10 09:56:36'),
(21, 2, 2228, 10, 1, 1376, 13.00, 2873, 1065, '2025-09-10 09:56:36'),
(22, 2, 2231, 10, 0, 1253, 13.00, 2870, 810, '2025-09-10 09:56:36'),
(23, 2, 2232, 10, 0, 1427, 13.00, 2977, 866, '2025-09-10 09:56:36'),
(24, 2, 2233, 10, 0, 1832, 13.00, 3083, 920, '2025-09-10 10:00:01'),
(25, 2, 2235, 10, 1, 1967, 13.00, 1145, 1540, '2025-09-10 10:00:01'),
(26, 2, 2236, 10, 0, 867, 13.00, 1255, 1465, '2025-09-10 10:00:01'),
(27, 2, 2238, 10, 1, 787, 13.00, 1565, 1250, '2025-09-10 10:00:01'),
(28, 2, 2239, 10, 0, 1141, 13.00, 1675, 1180, '2025-09-10 10:00:01'),
(29, 2, 2241, 10, 0, 593, 13.00, 2010, 950, '2025-09-10 10:00:01'),
(30, 2, 2242, 10, 0, 1012, 13.00, 2115, 875, '2025-09-10 10:00:01'),
(31, 2, 2244, 10, 1, 1895, 13.00, 2495, 580, '2025-09-10 10:00:01'),
(32, 2, 2245, 10, 1, 884, 13.00, 2670, 460, '2025-09-10 10:00:01'),
(33, 2, 2247, 10, 0, 1744, 13.00, 580, 1255, '2025-09-10 10:00:01'),
(34, 2, 2248, 10, 1, 1179, 13.00, 690, 1180, '2025-09-10 10:02:34'),
(35, 2, 2250, 10, 0, 711, 13.00, 950, 945, '2025-09-10 10:02:34'),
(36, 2, 2251, 10, 1, 890, 13.00, 1125, 830, '2025-09-10 10:02:34'),
(37, 2, 2253, 10, 0, 512, 13.00, 1435, 620, '2025-09-10 10:02:34'),
(38, 2, 2254, 10, 1, 1715, 13.00, 1610, 500, '2025-09-10 10:02:34'),
(39, 2, 2256, 10, 1, 1970, 13.00, 1920, 290, '2025-09-10 10:02:34'),
(40, 2, 2257, 10, 0, 1993, 13.00, 2095, 170, '2025-09-10 10:02:34'),
(41, 2, 2259, 10, 1, 135, 13.00, 860, 1395, '2025-09-10 10:02:34'),
(42, 2, 2260, 10, 1, 643, 13.00, 970, 1320, '2025-09-10 10:02:34'),
(43, 2, 2262, 10, 1, 992, 13.00, 1275, 1110, '2025-09-10 10:02:34'),
(44, 2, 2263, 10, 1, 1072, 13.00, 1390, 1040, '2025-09-10 10:04:22'),
(45, 2, 2265, 10, 0, 1437, 13.00, 1720, 805, '2025-09-10 10:04:22'),
(46, 2, 2266, 10, 1, 1655, 13.00, 1835, 740, '2025-09-10 10:04:22'),
(47, 2, 2501, 40, 1, 505, 13.00, 2000, 2000, '2025-09-10 10:09:41'),
(48, 2, 2502, 40, 0, 713, 13.00, 2210, 1855, '2025-09-10 10:09:41'),
(49, 2, 2503, 40, 1, 996, 13.00, 2425, 1705, '2025-09-10 10:09:41'),
(50, 2, 2504, 40, 0, 509, 13.00, 2530, 1500, '2025-09-10 10:09:41'),
(51, 2, 2505, 40, 0, 716, 13.00, 2740, 1355, '2025-09-10 10:09:41'),
(52, 2, 2506, 40, 0, 1026, 13.00, 2955, 1210, '2025-09-10 10:09:41'),
(53, 2, 2507, 40, 0, 1054, 13.00, 3170, 1065, '2025-09-10 10:09:41'),
(54, 2, 2508, 40, 1, 791, 10.00, 2200, 880, '2025-09-10 10:09:41'),
(55, 2, 2509, 40, 1, 1540, 10.00, 1355, 1470, '2025-09-10 10:09:41'),
(56, 2, 2510, 40, 1, 143, 10.00, 1755, 1180, '2025-09-10 10:09:41'),
(57, 2, 2512, 40, 1, 872, 13.00, 790, 1190, '2025-09-10 10:12:26'),
(58, 2, 2516, 40, 1, 1277, 13.00, 1050, 1330, '2025-09-10 10:12:26'),
(59, 2, 2517, 40, 0, 413, 13.00, 1490, 1040, '2025-09-10 10:12:26'),
(60, 2, 2518, 40, 0, 357, 13.00, 1930, 750, '2025-09-10 10:12:26'),
(61, 2, 2519, 40, 1, 1073, 13.00, 2895, 555, '2025-09-10 10:12:26'),
(62, 2, 2520, 40, 0, 1163, 13.00, 1345, 915, '2025-09-10 10:12:26'),
(63, 2, 2521, 40, 0, 447, 13.00, 1820, 620, '2025-09-10 10:12:26'),
(64, 2, 2522, 40, 1, 29, 10.00, 2315, 300, '2025-09-10 10:12:26'),
(65, 4, 4101, 10, 0, 541, 13.00, 1940, 250, '2025-08-28 09:38:57'),
(66, 4, 4102, 10, 1, 21, 13.00, 2340, 450, '2025-08-28 09:38:57'),
(67, 4, 4103, 10, 0, 1542, 13.00, 1300, 460, '2025-08-28 09:38:57'),
(68, 4, 4104, 10, 0, 1102, 13.00, 265, 1165, '2025-08-28 09:38:57'),
(69, 4, 4105, 10, 1, 1049, 13.00, 360, 1100, '2025-08-28 09:38:57'),
(70, 4, 4106, 10, 1, 26, 13.00, 1500, 750, '2025-08-28 09:38:57'),
(71, 4, 4107, 10, 1, 1061, 13.00, 1630, 815, '2025-08-28 09:38:57'),
(72, 4, 4108, 10, 1, 1918, 13.00, 1085, 1110, '2025-08-28 09:38:57'),
(73, 4, 4109, 10, 0, 889, 13.00, 1175, 1165, '2025-08-28 09:38:57'),
(74, 4, 4110, 10, 0, 1634, 13.00, 1385, 900, '2025-08-28 09:38:57'),
(75, 4, 4111, 10, 1, 1031, 13.00, 1475, 960, '2025-08-28 09:38:57'),
(76, 4, 4112, 10, 1, 884, 13.00, 1340, 1090, '2025-08-28 09:38:57'),
(77, 4, 4113, 10, 0, 1527, 13.00, 1205, 1020, '2025-08-28 09:38:57'),
(78, 4, 4114, 10, 1, 1048, 13.00, 935, 710, '2025-08-28 09:38:57'),
(79, 4, 4115, 10, 1, 169, 13.00, 1030, 650, '2025-08-28 09:38:57'),
(80, 4, 4116, 10, 1, 1797, 13.00, 1025, 1315, '2025-08-28 09:38:57'),
(81, 4, 4117, 10, 1, 604, 13.00, 895, 1245, '2025-08-28 09:38:57'),
(82, 4, 4118, 10, 1, 1308, 13.00, 615, 930, '2025-08-28 09:38:57'),
(83, 4, 4119, 10, 0, 1406, 13.00, 705, 875, '2025-08-28 09:38:57'),
(84, 4, 4120, 10, 0, 942, 13.00, 1775, 675, '2025-08-28 09:38:57'),
(85, 4, 4121, 10, 0, 1253, 13.00, 1685, 620, '2025-08-28 09:38:57'),
(86, 4, 4122, 10, 0, 1322, 13.00, 2430, 1350, '2025-08-28 09:38:57'),
(87, 4, 4123, 10, 1, 1837, 13.00, 1830, 1290, '2025-08-28 09:38:57'),
(88, 4, 4124, 10, 1, 992, 13.00, 1950, 1370, '2025-08-28 09:38:57'),
(89, 4, 4125, 10, 1, 316, 13.00, 2255, 1520, '2025-08-28 09:38:57'),
(90, 4, 4126, 10, 0, 1088, 13.00, 2120, 1200, '2025-08-28 09:38:57'),
(91, 4, 4127, 10, 0, 1830, 13.00, 1765, 1645, '2025-08-28 09:38:57'),
(92, 4, 4128, 10, 0, 972, 13.00, 1680, 1580, '2025-08-28 09:38:57'),
(93, 4, 4129, 10, 1, 1995, 13.00, 1105, 1645, '2025-08-28 09:38:57'),
(94, 4, 4130, 10, 1, 1158, 13.00, 1225, 1570, '2025-08-28 09:38:57'),
(95, 4, 4131, 10, 0, 49, 13.00, 770, 1335, '2025-08-28 09:38:57'),
(96, 4, 4132, 10, 1, 510, 13.00, 860, 1390, '2025-08-28 09:38:57'),
(97, 4, 4133, 10, 0, 1246, 13.00, 710, 1535, '2025-08-28 09:38:57'),
(98, 4, 4134, 10, 0, 1089, 13.00, 580, 1465, '2025-08-28 09:38:57'),
(99, 4, 4135, 10, 1, 1474, 13.00, 1310, 1765, '2025-08-28 09:38:57'),
(100, 4, 4136, 10, 0, 206, 13.00, 1390, 1700, '2025-08-28 09:38:57'),
(101, 4, 4501, 40, 0, 654, 13.00, 1805, 245, '2025-08-28 09:38:57'),
(102, 4, 4502, 40, 1, 570, 13.00, 2445, 625, '2025-08-28 09:38:57'),
(103, 4, 4503, 40, 0, 949, 13.00, 1235, 595, '2025-08-28 09:38:57'),
(104, 4, 4504, 40, 1, 892, 13.00, 1600, 345, '2025-08-28 09:38:57'),
(105, 4, 4505, 40, 0, 406, 13.00, 2175, 640, '2025-08-28 09:38:57'),
(106, 4, 4506, 40, 0, 1701, 13.00, 2125, 760, '2025-08-28 09:38:57'),
(107, 4, 4507, 40, 1, 651, 13.00, 1545, 500, '2025-08-28 09:38:57'),
(108, 4, 4508, 40, 1, 1069, 13.00, 455, 1320, '2025-08-28 09:38:57'),
(109, 4, 4509, 40, 1, 445, 13.00, 1370, 790, '2025-08-28 09:38:57'),
(110, 4, 4510, 40, 0, 834, 13.00, 1745, 1005, '2025-08-28 09:38:57'),
(111, 4, 4511, 40, 1, 1842, 13.00, 1305, 1365, '2025-08-28 09:38:57'),
(112, 4, 4512, 40, 0, 1491, 13.00, 1620, 1155, '2025-08-28 09:38:57'),
(113, 4, 4513, 40, 0, 1747, 13.00, 1455, 1275, '2025-08-28 09:38:57'),
(114, 4, 4514, 40, 0, 1777, 13.00, 1125, 855, '2025-08-28 09:38:57'),
(115, 4, 4515, 40, 0, 36, 13.00, 1145, 1490, '2025-08-28 09:38:57'),
(116, 4, 4516, 40, 1, 697, 13.00, 800, 1080, '2025-08-28 09:38:57'),
(117, 4, 4517, 40, 1, 920, 13.00, 1925, 870, '2025-08-28 09:38:57'),
(118, 4, 4518, 40, 0, 1205, 13.00, 1615, 695, '2025-08-28 09:38:57'),
(119, 4, 4519, 40, 0, 611, 13.00, 2570, 1555, '2025-08-28 09:38:57'),
(120, 4, 4520, 40, 0, 773, 13.00, 1700, 1360, '2025-08-28 09:38:57'),
(121, 4, 4521, 40, 0, 1190, 13.00, 2070, 1545, '2025-08-28 09:38:57'),
(122, 4, 4522, 40, 1, 1650, 13.00, 1940, 1645, '2025-08-28 09:38:57'),
(123, 4, 4523, 40, 1, 633, 13.00, 2305, 1830, '2025-08-28 09:38:57'),
(124, 4, 4524, 40, 1, 1178, 13.00, 2405, 1695, '2025-08-28 09:38:57'),
(125, 4, 4525, 40, 0, 683, 13.00, 2260, 1405, '2025-08-28 09:38:57'),
(126, 4, 4526, 40, 0, 382, 13.00, 1905, 1805, '2025-08-28 09:38:57'),
(127, 4, 4527, 40, 1, 1109, 13.00, 1595, 1700, '2025-08-28 09:38:57'),
(128, 4, 4528, 40, 0, 1629, 13.00, 1030, 1800, '2025-08-28 09:38:57'),
(129, 4, 4529, 40, 0, 961, 13.00, 990, 1590, '2025-08-28 09:38:57'),
(130, 4, 4530, 40, 1, 1599, 13.00, 820, 1715, '2025-08-28 09:38:57'),
(131, 4, 4531, 40, 0, 1723, 13.00, 1270, 1950, '2025-08-28 09:38:57'),
(132, 4, 4532, 40, 1, 344, 13.00, 1920, 1970, '2025-08-28 09:38:57'),
(133, 4, 4533, 40, 0, 1032, 13.00, 3460, 1095, '2025-08-28 09:38:57'),
(134, 4, 4534, 40, 1, 519, 13.00, 3200, 895, '2025-08-28 09:38:57'),
(135, 6, 6103, 10, 1, 576, 13.00, 2000, 1550, '2025-08-28 09:38:57'),
(136, 6, 6104, 10, 1, 279, 13.00, 2100, 1480, '2025-08-28 09:38:57'),
(137, 6, 6105, 10, 1, 127, 13.00, 1930, 1230, '2025-08-28 09:38:57'),
(138, 6, 6106, 10, 1, 1911, 13.00, 2020, 1170, '2025-08-28 09:38:57'),
(139, 6, 6107, 10, 1, 1156, 13.00, 1710, 1380, '2025-08-28 09:38:57'),
(140, 6, 6108, 10, 0, 761, 13.00, 1790, 1320, '2025-08-28 09:38:57'),
(141, 6, 6109, 10, 0, 55, 13.00, 1648, 1086, '2025-08-28 09:38:57'),
(142, 6, 6110, 10, 0, 202, 13.00, 1729, 1022, '2025-08-28 09:38:57'),
(143, 6, 6111, 10, 0, 1343, 13.00, 1418, 1238, '2025-08-28 09:38:57'),
(144, 6, 6112, 10, 1, 1692, 13.00, 1502, 1176, '2025-08-28 09:38:57'),
(145, 6, 6113, 10, 1, 62, 13.00, 1353, 938, '2025-08-28 09:38:57'),
(146, 6, 6114, 10, 0, 1958, 13.00, 1440, 880, '2025-08-28 09:38:57'),
(147, 6, 6115, 10, 1, 632, 13.00, 1125, 1090, '2025-08-28 09:38:57'),
(148, 6, 6116, 10, 1, 391, 13.00, 1215, 1030, '2025-08-28 09:38:57'),
(149, 6, 6117, 10, 0, 1753, 13.00, 900, 1245, '2025-08-28 09:38:57'),
(150, 6, 6118, 10, 0, 1781, 13.00, 985, 1185, '2025-08-28 09:38:57'),
(151, 6, 6119, 10, 0, 62, 13.00, 665, 1405, '2025-08-28 09:38:57'),
(152, 6, 6120, 10, 1, 1159, 13.00, 755, 1340, '2025-08-28 09:38:57'),
(153, 6, 6121, 10, 1, 1463, 13.00, 1185, 1395, '2025-08-28 09:38:57'),
(154, 6, 6122, 10, 1, 1362, 13.00, 1275, 1335, '2025-08-28 09:38:57'),
(155, 6, 6123, 10, 1, 708, 13.00, 955, 1550, '2025-08-28 09:38:57'),
(156, 6, 6124, 10, 1, 1190, 13.00, 1045, 1490, '2025-08-28 09:38:57'),
(157, 6, 6125, 10, 1, 238, 13.00, 1480, 1540, '2025-08-28 09:38:57'),
(158, 6, 6126, 10, 0, 1820, 13.00, 1565, 1480, '2025-08-28 09:38:57'),
(159, 6, 6127, 10, 1, 418, 13.00, 1245, 1700, '2025-08-28 09:38:57'),
(160, 6, 6128, 10, 1, 1575, 13.00, 1340, 1635, '2025-08-28 09:38:57'),
(161, 6, 6129, 10, 1, 163, 13.00, 1770, 1690, '2025-08-28 09:38:57'),
(162, 6, 6130, 10, 1, 925, 13.00, 1860, 1630, '2025-08-28 09:38:57'),
(163, 6, 6131, 10, 0, 98, 13.00, 1540, 1850, '2025-08-28 09:38:57'),
(164, 6, 6132, 10, 1, 1556, 13.00, 1635, 1785, '2025-08-28 09:38:57'),
(165, 6, 6133, 10, 1, 678, 13.00, 395, 1265, '2025-08-28 09:38:57'),
(166, 6, 6134, 10, 1, 874, 13.00, 480, 1205, '2025-08-28 09:38:57'),
(167, 6, 6135, 10, 1, 498, 13.00, 620, 1110, '2025-08-28 09:38:57'),
(168, 6, 6136, 10, 1, 1608, 13.00, 710, 1050, '2025-08-28 09:38:57'),
(169, 6, 6139, 10, 1, 58, 13.00, 1935, 560, '2025-08-28 09:38:57'),
(170, 6, 6140, 10, 0, 649, 13.00, 2035, 485, '2025-08-28 09:38:57'),
(171, 6, 6141, 10, 0, 1809, 13.00, 3075, 1135, '2025-08-28 09:38:57'),
(172, 6, 6142, 10, 1, 525, 13.00, 3155, 1070, '2025-08-28 09:38:57'),
(173, 6, 6143, 10, 0, 1702, 13.00, 2810, 1000, '2025-08-28 09:38:57'),
(174, 6, 6144, 10, 0, 1607, 13.00, 2900, 940, '2025-08-28 09:38:57'),
(175, 6, 6145, 10, 0, 1209, 13.00, 3045, 845, '2025-08-28 09:38:57'),
(176, 6, 6146, 10, 0, 508, 13.00, 3130, 780, '2025-08-28 09:38:57'),
(177, 6, 6147, 10, 0, 775, 13.00, 2750, 690, '2025-08-28 09:38:57'),
(178, 6, 6148, 10, 1, 161, 13.00, 2840, 630, '2025-08-28 09:38:57'),
(179, 6, 6149, 10, 1, 92, 13.00, 2515, 850, '2025-08-28 09:38:57'),
(180, 6, 6150, 10, 1, 310, 13.00, 2605, 790, '2025-08-28 09:38:57'),
(181, 6, 6151, 10, 1, 1062, 13.00, 2460, 545, '2025-08-28 09:38:57'),
(182, 6, 6152, 10, 0, 1392, 13.00, 2550, 480, '2025-08-28 09:38:57'),
(183, 6, 6153, 10, 1, 874, 13.00, 2220, 705, '2025-08-28 09:38:57'),
(184, 6, 6154, 10, 0, 80, 13.00, 2310, 645, '2025-08-28 09:38:57'),
(185, 6, 6155, 10, 1, 1667, 13.00, 2165, 395, '2025-08-28 09:38:57'),
(186, 6, 6156, 10, 0, 944, 13.00, 2260, 335, '2025-08-28 09:38:57'),
(187, 6, 6157, 10, 1, 933, 13.00, 1705, 715, '2025-08-28 09:38:57'),
(188, 6, 6158, 10, 0, 1231, 13.00, 1800, 650, '2025-08-28 09:38:57'),
(189, 6, 6159, 10, 0, 995, 13.00, 1985, 855, '2025-08-28 09:38:57'),
(190, 6, 6160, 10, 0, 1821, 13.00, 2070, 795, '2025-08-28 09:38:57'),
(191, 6, 6161, 10, 1, 1637, 13.00, 2280, 1000, '2025-08-28 09:38:57'),
(192, 6, 6162, 10, 1, 705, 13.00, 2370, 935, '2025-08-28 09:38:57'),
(193, 6, 6163, 10, 1, 669, 13.00, 1080, 800, '2025-08-28 09:38:57'),
(194, 6, 6164, 10, 0, 364, 13.00, 1180, 730, '2025-08-28 09:38:57'),
(195, 6, 6165, 10, 1, 899, 13.00, 850, 945, '2025-08-28 09:38:57'),
(196, 6, 6166, 10, 1, 1798, 13.00, 940, 890, '2025-08-28 09:38:57'),
(197, 6, 6501, 40, 1, 65, 10.00, 2435, 1530, '2025-08-28 09:38:57'),
(198, 6, 6502, 40, 0, 1058, 10.00, 2200, 1700, '2025-08-28 09:38:57'),
(199, 6, 6503, 40, 1, 1517, 10.00, 2130, 1390, '2025-08-28 09:38:57'),
(200, 6, 6504, 40, 1, 1288, 10.00, 1900, 1540, '2025-08-28 09:38:57'),
(201, 6, 6505, 40, 1, 821, 10.00, 1830, 1225, '2025-08-28 09:38:57'),
(202, 6, 6506, 40, 0, 5, 10.00, 1610, 1350, '2025-08-28 09:38:57'),
(203, 6, 6507, 40, 1, 721, 10.00, 1540, 1050, '2025-08-28 09:38:57'),
(204, 6, 6508, 40, 1, 1655, 10.00, 1310, 1230, '2025-08-28 09:38:57'),
(205, 6, 6509, 40, 1, 937, 10.00, 1090, 1390, '2025-08-28 09:38:57'),
(206, 6, 6510, 40, 1, 919, 10.00, 860, 1530, '2025-08-28 09:38:57'),
(207, 6, 6511, 40, 0, 1029, 10.00, 1375, 1530, '2025-08-28 09:38:57'),
(208, 6, 6512, 40, 0, 1278, 10.00, 1145, 1700, '2025-08-28 09:38:57'),
(209, 6, 6513, 40, 1, 1025, 10.00, 1670, 1690, '2025-08-28 09:38:57'),
(210, 6, 6514, 40, 1, 1971, 10.00, 1440, 1840, '2025-08-28 09:38:57'),
(211, 6, 6515, 40, 0, 220, 10.00, 1965, 1855, '2025-08-28 09:38:57'),
(212, 6, 6516, 40, 1, 458, 13.00, 2120, 700, '2025-08-28 09:38:57'),
(213, 6, 6517, 40, 0, 717, 13.00, 3520, 1120, '2025-08-28 09:38:57'),
(214, 6, 6518, 40, 1, 1498, 13.00, 3270, 1270, '2025-08-28 09:38:57'),
(215, 6, 6519, 40, 0, 7, 13.00, 2970, 1130, '2025-08-28 09:38:57'),
(216, 6, 6520, 40, 1, 661, 13.00, 3230, 970, '2025-08-28 09:38:57'),
(217, 6, 6521, 40, 0, 496, 13.00, 2940, 830, '2025-08-28 09:38:57'),
(218, 6, 6522, 40, 0, 1471, 13.00, 2700, 990, '2025-08-28 09:38:57'),
(219, 6, 6523, 40, 0, 1479, 13.00, 2640, 680, '2025-08-28 09:38:57'),
(220, 6, 6524, 40, 1, 865, 13.00, 2400, 840, '2025-08-28 09:38:57'),
(221, 6, 6525, 40, 1, 1133, 13.00, 2350, 530, '2025-08-28 09:38:57'),
(222, 6, 6526, 40, 0, 1735, 13.00, 1870, 840, '2025-08-28 09:38:57'),
(223, 6, 6527, 40, 1, 761, 13.00, 2160, 1005, '2025-08-28 09:38:57'),
(224, 6, 6528, 40, 1, 858, 13.00, 2460, 1150, '2025-08-28 09:38:57'),
(225, 6, 6529, 40, 0, 1442, 13.00, 1730, 1995, '2025-08-28 09:38:57'),
(226, 6, 6530, 40, 0, 1668, 13.00, 570, 1420, '2025-08-28 09:38:57'),
(227, 6, 6531, 40, 1, 708, 13.00, 800, 1230, '2025-08-28 09:38:57'),
(228, 6, 6532, 40, 1, 444, 13.00, 1035, 1080, '2025-08-28 09:38:57'),
(229, 6, 6533, 40, 1, 71, 13.00, 1255, 930, '2025-08-28 09:38:57'),
(230, 1, 1101, 10, 1, 1352, 1.00, 2660, 75, '2025-08-28 09:38:57'),
(231, 1, 1102, 10, 1, 1053, 1.00, 2515, 180, '2025-08-28 09:38:57'),
(232, 1, 1103, 10, 1, 1841, 1.00, 2080, 350, '2025-08-28 09:38:57'),
(233, 1, 1104, 10, 0, 1489, 1.00, 1945, 440, '2025-08-28 09:38:57'),
(234, 1, 1105, 10, 0, 1727, 1.00, 1805, 530, '2025-08-28 09:38:57'),
(235, 1, 1106, 10, 0, 1411, 1.00, 1675, 620, '2025-08-28 09:38:57'),
(236, 1, 1107, 10, 0, 1262, 1.00, 1550, 705, '2025-08-28 09:38:57'),
(237, 1, 1108, 10, 0, 1282, 1.00, 1430, 795, '2025-08-28 09:38:57'),
(238, 1, 1109, 10, 1, 1001, 1.00, 1285, 1015, '2025-08-28 09:38:57'),
(239, 1, 1110, 10, 1, 1480, 1.00, 1080, 1125, '2025-08-28 09:38:57'),
(240, 1, 1111, 10, 0, 1106, 1.00, 895, 1245, '2025-08-28 09:38:57'),
(241, 1, 1112, 10, 0, 1704, 1.00, 695, 1380, '2025-08-28 09:38:57'),
(242, 1, 1113, 10, 0, 411, 1.00, 400, 1485, '2025-08-28 09:38:57'),
(243, 1, 1114, 10, 1, 478, 1.00, 1070, 1950, '2025-08-28 09:38:57'),
(244, 1, 1115, 10, 0, 1384, 1.00, 1250, 1835, '2025-08-28 09:38:57'),
(245, 1, 1116, 10, 1, 1993, 1.00, 1415, 1725, '2025-08-28 09:38:57'),
(246, 1, 1117, 10, 0, 1403, 1.00, 1570, 1615, '2025-08-28 09:38:57'),
(247, 1, 1118, 10, 0, 718, 1.00, 1735, 1500, '2025-08-28 09:38:57'),
(248, 1, 1501, 40, 1, 1018, 1.00, 2840, 330, '2025-08-28 09:38:57'),
(249, 1, 1502, 40, 1, 887, 1.00, 2690, 425, '2025-08-28 09:38:57'),
(250, 1, 1503, 40, 0, 1686, 1.00, 2330, 585, '2025-08-28 09:38:57'),
(251, 1, 1504, 40, 1, 41, 1.00, 2200, 680, '2025-08-28 09:38:57'),
(252, 1, 1505, 40, 1, 1616, 1.00, 2070, 755, '2025-08-28 09:38:57'),
(253, 1, 1506, 40, 0, 318, 1.00, 1940, 850, '2025-08-28 09:38:57'),
(254, 1, 1507, 40, 1, 1507, 1.00, 1810, 930, '2025-08-28 09:38:57'),
(255, 1, 1508, 40, 0, 1757, 1.00, 1680, 1010, '2025-08-28 09:38:57'),
(256, 1, 1509, 40, 1, 1815, 1.00, 1390, 1230, '2025-08-28 09:38:57'),
(257, 1, 1510, 40, 0, 670, 1.00, 1230, 1350, '2025-08-28 09:38:57'),
(258, 1, 1511, 40, 0, 398, 1.00, 1005, 1490, '2025-08-28 09:38:57'),
(259, 1, 1512, 40, 1, 1540, 1.00, 780, 1600, '2025-08-28 09:38:57'),
(260, 1, 1513, 40, 1, 1661, 1.00, 515, 1795, '2025-08-28 09:38:57'),
(261, 1, 1514, 40, 1, 1698, 1.00, 1285, 2065, '2025-08-28 09:38:57'),
(262, 1, 1515, 40, 0, 1303, 1.00, 1465, 1950, '2025-08-28 09:38:57'),
(263, 1, 1516, 40, 1, 1484, 1.00, 1625, 1840, '2025-08-28 09:38:57'),
(264, 1, 1517, 40, 0, 458, 1.00, 1780, 1730, '2025-08-28 09:38:57'),
(265, 1, 1518, 40, 1, 1352, 1.00, 1940, 1615, '2025-08-28 09:38:57'),
(266, 5, 5101, 10, 1, 1564, 13.00, 345, 1605, '2025-08-28 09:38:57'),
(267, 5, 5102, 10, 1, 1553, 13.00, 410, 1555, '2025-08-28 09:38:57'),
(268, 5, 5103, 10, 0, 1422, 13.00, 570, 1715, '2025-08-28 09:38:57'),
(269, 5, 5104, 10, 1, 1034, 13.00, 635, 1665, '2025-08-28 09:38:57'),
(270, 5, 5105, 10, 1, 851, 13.00, 780, 1825, '2025-08-28 09:38:57'),
(271, 5, 5106, 10, 0, 861, 13.00, 845, 1775, '2025-08-28 09:38:57'),
(272, 5, 5111, 10, 1, 708, 13.00, 595, 1440, '2025-08-28 09:38:57'),
(273, 5, 5112, 10, 1, 1703, 13.00, 650, 1390, '2025-08-28 09:38:57'),
(274, 5, 5119, 10, 1, 1980, 13.00, 835, 1295, '2025-08-28 09:38:57'),
(275, 5, 5120, 10, 0, 288, 13.00, 890, 1245, '2025-08-28 09:38:57'),
(276, 5, 5121, 10, 0, 1665, 13.00, 1055, 1385, '2025-08-28 09:38:57'),
(277, 5, 5122, 10, 1, 1030, 13.00, 1110, 1335, '2025-08-28 09:38:57'),
(278, 5, 5123, 10, 0, 581, 13.00, 1260, 1495, '2025-08-28 09:38:57'),
(279, 5, 5124, 10, 1, 1768, 13.00, 1315, 1445, '2025-08-28 09:38:57'),
(280, 5, 5151, 10, 1, 358, 13.00, 2735, 75, '2025-08-28 09:38:57'),
(281, 5, 5152, 10, 0, 907, 13.00, 2160, 440, '2025-08-28 09:38:57'),
(282, 5, 5153, 10, 1, 2000, 13.00, 1915, 620, '2025-08-28 09:38:57'),
(283, 5, 5501, 40, 1, 1835, 13.00, 545, 1615, '2025-08-28 09:38:57'),
(284, 5, 5502, 40, 1, 861, 13.00, 770, 1715, '2025-08-28 09:38:57'),
(285, 5, 5503, 40, 0, 1843, 13.00, 975, 1830, '2025-08-28 09:38:57'),
(286, 5, 5504, 40, 1, 1259, 13.00, 1190, 1930, '2025-08-28 09:38:57'),
(287, 5, 5505, 40, 1, 1335, 13.00, 1385, 2030, '2025-08-28 09:38:57'),
(288, 5, 5506, 40, 1, 35, 13.00, 790, 1440, '2025-08-28 09:38:57'),
(289, 5, 5507, 40, 1, 667, 13.00, 1015, 1575, '2025-08-28 09:38:57'),
(290, 5, 5508, 40, 1, 356, 13.00, 1225, 1690, '2025-08-28 09:38:57'),
(291, 5, 5509, 40, 1, 762, 13.00, 1440, 1795, '2025-08-28 09:38:57'),
(292, 5, 5510, 40, 1, 1272, 13.00, 1010, 1295, '2025-08-28 09:38:57'),
(293, 5, 5511, 40, 0, 1305, 13.00, 1245, 1385, '2025-08-28 09:38:57'),
(294, 5, 5512, 40, 0, 1350, 13.00, 1460, 1495, '2025-08-28 09:38:57'),
(295, 5, 5513, 40, 0, 1909, 13.00, 1440, 765, '2025-08-28 09:38:57'),
(296, 5, 5514, 40, 1, 115, 13.00, 1750, 890, '2025-08-28 09:38:57'),
(297, 5, 5515, 40, 1, 1017, 13.00, 1305, 850, '2025-08-28 09:38:57'),
(298, 5, 5516, 40, 1, 279, 13.00, 1615, 980, '2025-08-28 09:38:57'),
(299, 5, 5517, 40, 1, 148, 13.00, 1175, 940, '2025-08-28 09:38:57'),
(300, 5, 5518, 40, 1, 310, 13.00, 1490, 1065, '2025-08-28 09:38:57'),
(301, 5, 5519, 40, 1, 558, 13.00, 1050, 1035, '2025-08-28 09:38:57'),
(302, 5, 5520, 40, 0, 1822, 13.00, 1360, 1160, '2025-08-28 09:38:57'),
(303, 5, 5521, 40, 0, 1588, 13.00, 920, 1125, '2025-08-28 09:38:57'),
(304, 5, 5522, 40, 1, 1765, 13.00, 1230, 1255, '2025-08-28 09:38:57'),
(305, 5, 5523, 40, 0, 1239, 13.00, 1690, 1590, '2025-08-28 09:38:57'),
(306, 5, 5524, 40, 1, 1661, 13.00, 1885, 1685, '2025-08-28 09:38:57'),
(307, 5, 5525, 40, 1, 404, 13.00, 1990, 1410, '2025-08-28 09:38:57'),
(308, 5, 5526, 40, 0, 740, 13.00, 2110, 1540, '2025-08-28 09:38:57'),
(309, 5, 5527, 40, 0, 423, 13.00, 1790, 1090, '2025-08-28 09:38:57'),
(310, 5, 5528, 40, 0, 1388, 13.00, 1705, 1155, '2025-08-28 09:38:57'),
(311, 5, 5529, 40, 1, 558, 13.00, 1615, 1215, '2025-08-28 09:38:57'),
(312, 5, 5530, 40, 0, 117, 13.00, 3050, 585, '2025-08-28 09:38:57'),
(313, 5, 5531, 40, 0, 1210, 13.00, 3365, 710, '2025-08-28 09:38:57'),
(314, 5, 5532, 40, 1, 1922, 13.00, 2920, 670, '2025-08-28 09:38:57'),
(315, 5, 5533, 40, 0, 1627, 13.00, 3230, 800, '2025-08-28 09:38:57'),
(316, 5, 5534, 40, 1, 1606, 13.00, 2790, 760, '2025-08-28 09:38:57'),
(317, 5, 5535, 40, 0, 1864, 13.00, 3105, 890, '2025-08-28 09:38:57'),
(318, 5, 5536, 40, 0, 969, 13.00, 2660, 855, '2025-08-28 09:38:57'),
(319, 5, 5537, 40, 0, 1638, 13.00, 2970, 990, '2025-08-28 09:38:57'),
(320, 5, 5538, 40, 1, 390, 13.00, 2885, 290, '2025-08-28 09:38:57'),
(321, 5, 5539, 40, 0, 678, 13.00, 2260, 740, '2025-08-28 09:38:57'),
(322, 5, 5540, 40, 0, 1370, 1.00, 2005, 900, '2025-08-28 09:38:57');

-- --------------------------------------------------------

--
-- テーブルの構造 `permissions`
--

CREATE TABLE `permissions` (
  `id` int(11) NOT NULL,
  `name` varchar(255) NOT NULL,
  `description` text DEFAULT NULL COMMENT 'Mô tả phân quyền'
) ENGINE=InnoDB DEFAULT CHARSET=utf8 COLLATE=utf8_unicode_ci;

--
-- テーブルのデータのダンプ `permissions`
--

INSERT INTO `permissions` (`id`, `name`, `description`) VALUES
(1, 'view_users', 'View user account details'),
(2, 'edit_users', 'Edit user accounts'),
(3, 'view_roles', 'View roles'),
(4, 'edit_roles', 'Edit roles'),
(5, 'view_departments', 'View departments'),
(6, 'edit_departments', 'Edit departments'),
(7, 'view_permissions', 'View permissions'),
(8, 'edit_permissions', 'Edit permissions'),
(9, 'view_positions', 'View positions'),
(10, 'edit_positions', 'Edit positions'),
(11, 'update_machine_schedule', 'Can update machine stopping schedule');

-- --------------------------------------------------------

--
-- テーブルの構造 `positions`
--

CREATE TABLE `positions` (
  `id` int(11) NOT NULL,
  `name` varchar(255) NOT NULL,
  `description` text DEFAULT NULL
) ENGINE=InnoDB DEFAULT CHARSET=utf8 COLLATE=utf8_unicode_ci;

--
-- テーブルのデータのダンプ `positions`
--

INSERT INTO `positions` (`id`, `name`, `description`) VALUES
(1, 'IFS - leader', NULL);

-- --------------------------------------------------------

--
-- テーブルの構造 `roles`
--

CREATE TABLE `roles` (
  `id` int(11) NOT NULL,
  `name` varchar(255) NOT NULL,
  `description` text DEFAULT NULL
) ENGINE=InnoDB DEFAULT CHARSET=utf8 COLLATE=utf8_unicode_ci;

--
-- テーブルのデータのダンプ `roles`
--

INSERT INTO `roles` (`id`, `name`, `description`) VALUES
(1, 'admin', NULL),
(2, 'leader', ''),
(3, 'staff', '');

-- --------------------------------------------------------

--
-- テーブルの構造 `role_permissions`
--

CREATE TABLE `role_permissions` (
  `role_id` int(11) NOT NULL,
  `permission_id` int(11) NOT NULL
) ENGINE=InnoDB DEFAULT CHARSET=utf8 COLLATE=utf8_unicode_ci;

--
-- テーブルのデータのダンプ `role_permissions`
--

INSERT INTO `role_permissions` (`role_id`, `permission_id`) VALUES
(1, 1),
(1, 2),
(1, 3),
(1, 4),
(1, 5),
(1, 6),
(1, 7),
(1, 8),
(1, 9),
(1, 10),
(1, 11),
(2, 11);

-- --------------------------------------------------------

--
-- テーブルの構造 `schedule_stop_machine_current`
--

CREATE TABLE `schedule_stop_machine_current` (
  `id` int(11) NOT NULL,
  `machine_status_history_id` int(11) NOT NULL COMMENT 'Id machine',
  `date_start` varchar(255) NOT NULL COMMENT 'Date start stop machine',
  `date_end` varchar(255) DEFAULT NULL COMMENT 'Date end stop machine',
  `shift` int(11) DEFAULT NULL COMMENT 'Shift top machine (1: day, 2: night)',
  `content` longtext NOT NULL COMMENT 'Reason stop machine',
  `created_at` timestamp NOT NULL DEFAULT current_timestamp() COMMENT 'Time create data',
  `updated_at` timestamp NOT NULL DEFAULT current_timestamp() ON UPDATE current_timestamp() COMMENT 'Time update data'
) ENGINE=InnoDB DEFAULT CHARSET=utf8 COLLATE=utf8_unicode_ci;

-- --------------------------------------------------------

--
-- テーブルの構造 `schedule_stop_machine_history`
--

CREATE TABLE `schedule_stop_machine_history` (
  `id` int(11) NOT NULL,
  `machine_status_history_id` int(11) NOT NULL COMMENT 'Id machine',
  `date_start` varchar(255) NOT NULL COMMENT 'Date start stop machine',
  `date_end` varchar(255) DEFAULT NULL COMMENT 'Date end stop machine',
  `shift` int(11) DEFAULT NULL COMMENT 'Shift top machine (1: day, 2: night)',
  `content` longtext NOT NULL COMMENT 'Reason stop machine',
  `created_at` timestamp NOT NULL DEFAULT current_timestamp() COMMENT 'Time create data',
  `updated_at` timestamp NOT NULL DEFAULT current_timestamp() ON UPDATE current_timestamp() COMMENT 'Time update data'
) ENGINE=InnoDB DEFAULT CHARSET=utf8 COLLATE=utf8_unicode_ci;

--
-- テーブルのデータのダンプ `schedule_stop_machine_history`
--

INSERT INTO `schedule_stop_machine_history` (`id`, `machine_status_history_id`, `date_start`, `date_end`, `shift`, `content`, `created_at`, `updated_at`) VALUES
(1, 4, '2025-09-04', '2025-09-05', 1, 'demo', '2025-09-04 05:58:11', '2025-09-04 05:58:11'),
(2, 8, '2025-09-04', '2025-09-05', NULL, 'abc', '2025-09-04 06:00:09', '2025-09-04 06:00:09'),
(3, 4, '2025-09-05', '2025-09-06', NULL, 'aaa', '2025-09-05 03:00:27', '2025-09-05 03:00:27'),
(4, 8, '2025-09-05', '2025-09-06', NULL, 'test', '2025-09-05 07:04:48', '2025-09-05 07:04:48'),
(5, 8, '2025-09-09', '2025-09-10', NULL, 'demo', '2025-09-09 07:23:38', '2025-09-09 07:23:38');

-- --------------------------------------------------------

--
-- テーブルの構造 `users`
--

CREATE TABLE `users` (
  `id` int(11) NOT NULL,
  `user_name` varchar(11) NOT NULL COMMENT 'Mã số nhân viên',
  `first_name` varchar(20) NOT NULL COMMENT 'Tên nhân viên',
  `last_name` varchar(50) NOT NULL COMMENT 'Họ và tên lót',
  `email` varchar(50) NOT NULL COMMENT 'Địa chỉ email',
  `password` varchar(100) NOT NULL COMMENT 'Mật khẩu',
  `status` varchar(11) NOT NULL DEFAULT 'active' COMMENT 'Trạng thái tài khoản',
  `phone_number` varchar(20) DEFAULT NULL COMMENT 'Số điện thoại',
  `avatar` varchar(100) DEFAULT NULL COMMENT 'Hình ảnh đại diện',
  `created_at` timestamp NOT NULL DEFAULT current_timestamp() COMMENT 'Thời gian khởi tạo',
  `department_id` int(11) DEFAULT NULL,
  `position_id` int(11) DEFAULT NULL
) ENGINE=InnoDB DEFAULT CHARSET=utf8 COLLATE=utf8_unicode_ci;

--
-- テーブルのデータのダンプ `users`
--

INSERT INTO `users` (`id`, `user_name`, `first_name`, `last_name`, `email`, `password`, `status`, `phone_number`, `avatar`, `created_at`, `department_id`, `position_id`) VALUES
(1, 'kuwa', 'Masahiro', 'Takakuwa', 'm-takakuwa@marueimiyazaki.jp', '$2b$12$Z6l/mhIQF5rOtPZKuN8YyOUVEUEefnT3OFW6gsCUSOU4lnavyxlJu', 'active', NULL, NULL, '2025-09-04 03:14:38', 1, NULL),
(2, '4685', 'Luan', 'Tran', 'luan@marueivn.com', '$2b$12$52EhxJeOyI6RxZTgj6UkQudcxBYT.0ce6K4fx470DtyTr1WMQCKoO', 'active', '0932797360', '', '2025-09-04 03:50:00', 3, 1),
(3, '0000', 'guest', 'common', 'abc@gmai.com', '$2b$12$Yx7VRWPrCBej7Zw3IeGmmOaNO9fFts9b7qynDI1gwyxVv/fw7F46.', 'active', '', '', '2025-09-09 06:10:34', 3, NULL),
(4, 'demo', 'demo', 'test', 'efg@gmail.com', '$2b$12$flZ2qvV4a7HYrd/J2MyGA.vGxTb0DIvKYXT8UEylM6HjM.GLs.1cq', 'active', '', '', '2025-09-09 07:25:35', NULL, NULL);

-- --------------------------------------------------------

--
-- テーブルの構造 `user_roles`
--

CREATE TABLE `user_roles` (
  `user_id` int(11) NOT NULL,
  `role_id` int(11) NOT NULL
) ENGINE=InnoDB DEFAULT CHARSET=utf8 COLLATE=utf8_unicode_ci;

--
-- テーブルのデータのダンプ `user_roles`
--

INSERT INTO `user_roles` (`user_id`, `role_id`) VALUES
(1, 1),
(3, 2),
(4, 3);

-- --------------------------------------------------------

--
-- テーブルの構造 `user_tokens`
--

CREATE TABLE `user_tokens` (
  `id` int(11) NOT NULL,
  `refresh_token` text NOT NULL,
  `user_agent` varchar(255) DEFAULT NULL,
  `ip_address` varchar(255) DEFAULT NULL,
  `expired_at` timestamp NOT NULL DEFAULT current_timestamp() ON UPDATE current_timestamp(),
  `created_at` datetime(6) NOT NULL DEFAULT current_timestamp(6),
  `updated_at` datetime(6) NOT NULL DEFAULT current_timestamp(6) ON UPDATE current_timestamp(6),
  `revoked` tinyint(4) NOT NULL DEFAULT 0,
  `userId` int(11) DEFAULT NULL
) ENGINE=InnoDB DEFAULT CHARSET=utf8 COLLATE=utf8_unicode_ci;

--
-- テーブルのデータのダンプ `user_tokens`
--

INSERT INTO `user_tokens` (`id`, `refresh_token`, `user_agent`, `ip_address`, `expired_at`, `created_at`, `updated_at`, `revoked`, `userId`) VALUES
(1, '$2b$10$LXX6SQPn9jrZTouV9fTax.ODofUj17UoR2m6izDmKfcgTzbsKCSIi', 'PostmanRuntime/7.45.0', '::1', '2025-09-10 18:21:06', '2025-09-04 12:21:06.584352', '2025-09-04 12:21:06.584352', 0, 1),
(2, '$2b$10$y.eP8AXdzEc5AH3EMRBVDu7rFk4mWx9ANx5fPwMnqKp3ZP8v5NZzS', 'Mozilla/5.0 (Windows NT 10.0; Win64; x64) AppleWebKit/537.36 (KHTML, like Gecko) Chrome/139.0.0.0 Safari/537.36 Edg/139.0.0.0', '::1', '2025-09-04 03:44:05', '2025-09-04 12:23:46.658738', '2025-09-04 12:44:05.000000', 1, 1),
(3, '$2b$10$c6.T0taXdvlDrIsHTqhQUuYI7YF9U8RjrHI7D2tGN0mzSbN56LEjS', 'Mozilla/5.0 (Windows NT 10.0; Win64; x64) AppleWebKit/537.36 (KHTML, like Gecko) Chrome/139.0.0.0 Safari/537.36 Edg/139.0.0.0', '::1', '2025-09-04 03:49:19', '2025-09-04 12:47:10.414556', '2025-09-04 12:49:19.000000', 1, 1),
(4, '$2b$10$AVujyfFMOG8XOaDnexycIOuZYZ6dnqcsVqYKjAd2.h/rV88sPKwji', 'Mozilla/5.0 (Windows NT 10.0; Win64; x64) AppleWebKit/537.36 (KHTML, like Gecko) Chrome/139.0.0.0 Safari/537.36 Edg/139.0.0.0', '::1', '2025-09-04 03:51:15', '2025-09-04 12:50:58.142616', '2025-09-04 12:51:15.000000', 1, 2),
(5, '$2b$10$KLbSD5TzqBFr0Sr/d3EIreqUwZQ2VFYE33ShFbxVsUr.3VYjqXOyW', 'Mozilla/5.0 (Windows NT 10.0; Win64; x64) AppleWebKit/537.36 (KHTML, like Gecko) Chrome/139.0.0.0 Safari/537.36 Edg/139.0.0.0', '::1', '2025-09-05 00:55:58', '2025-09-04 14:57:08.456467', '2025-09-05 09:55:58.000000', 1, 1),
(6, '$2b$10$XNWurH9QoYEJ8Qfj/JkW2eW.Sumc0gmvahN7Yn3txcv7EyaF2JNpG', 'PostmanRuntime/7.45.0', '::1', '2025-09-04 06:47:56', '2025-09-04 15:45:06.385086', '2025-09-04 15:47:56.000000', 1, 1),
(7, '$2b$10$L8.glksBbcd1zOdLT2p/k.HJRXXdyusKKYfUuUbyvSpW1VDYgGFNW', 'PostmanRuntime/7.45.0', '::1', '2025-09-10 21:49:14', '2025-09-04 15:49:14.663958', '2025-09-04 15:49:14.663958', 0, 1),
(8, '$2b$10$SVlLzxbAqjDoKS6HlR6LLeOCu2Hn4gKzrHBcrMJJn8EAv73oaRcPq', 'Mozilla/5.0 (Windows NT 10.0; Win64; x64) AppleWebKit/537.36 (KHTML, like Gecko) Chrome/139.0.0.0 Safari/537.36 Edg/139.0.0.0', '::1', '2025-09-05 00:57:32', '2025-09-05 09:55:58.147127', '2025-09-05 09:57:32.000000', 1, 1),
(9, '$2b$10$i2ryGC5sKiCBbDq4h8.3Je4iLxq.dWvgBUAXIKNo9oII1jpLbPLCW', 'Mozilla/5.0 (Windows NT 10.0; Win64; x64) AppleWebKit/537.36 (KHTML, like Gecko) Chrome/139.0.0.0 Safari/537.36 Edg/139.0.0.0', '::1', '2025-09-05 02:47:12', '2025-09-05 09:57:46.745820', '2025-09-05 11:47:12.000000', 1, 1),
(10, '$2b$10$4ER9cVIr1pAkYVKulHE4Ju2apkx3O8mfpSKjmVPMrmoIrr9iJeYuG', 'Mozilla/5.0 (Windows NT 10.0; Win64; x64) AppleWebKit/537.36 (KHTML, like Gecko) Chrome/139.0.0.0 Safari/537.36 Edg/139.0.0.0', '::1', '2025-09-05 07:02:23', '2025-09-05 11:47:12.471630', '2025-09-05 16:02:23.000000', 1, 1),
(11, '$2b$10$VpxAsnZMHoGjZc6ZbRMD3eBAxtoBaehffc8OZwtysFYVDsYz0P7D6', 'Mozilla/5.0 (Windows NT 10.0; Win64; x64) AppleWebKit/537.36 (KHTML, like Gecko) Chrome/139.0.0.0 Safari/537.36 Edg/139.0.0.0', '::1', '2025-09-08 08:02:18', '2025-09-05 16:02:23.610326', '2025-09-08 17:02:18.000000', 1, 1),
(12, '$2b$10$qyMNHncZmSX/DdVyZNq6TOiQAL9nVrEDpgQluJ23Ayn/8C.h953Z.', 'Mozilla/5.0 (Windows NT 10.0; Win64; x64) AppleWebKit/537.36 (KHTML, like Gecko) Chrome/140.0.0.0 Safari/537.36 Edg/140.0.0.0', '::1', '2025-09-08 08:02:27', '2025-09-08 17:02:18.897693', '2025-09-08 17:02:27.000000', 1, 1),
(13, '$2b$10$l5ktECOOWgf1ZmdP0W7EP..1MppIr7ArHRua4h373Y4v1NhyLGTEK', 'Mozilla/5.0 (Windows NT 10.0; Win64; x64) AppleWebKit/537.36 (KHTML, like Gecko) Chrome/140.0.0.0 Safari/537.36 Edg/140.0.0.0', '::1', '2025-09-09 05:57:03', '2025-09-09 14:55:36.694342', '2025-09-09 14:57:03.000000', 1, 1),
(14, '$2b$10$kLZkZsiGJn7tVSglvAosuOL9zd27L8KjppM1tt0kQxK3uYaGHbOLe', 'Mozilla/5.0 (Windows NT 10.0; Win64; x64) AppleWebKit/537.36 (KHTML, like Gecko) Chrome/140.0.0.0 Safari/537.36 Edg/140.0.0.0', '::1', '2025-09-09 06:11:05', '2025-09-09 14:57:16.288480', '2025-09-09 15:11:05.000000', 1, 1),
(15, '$2b$10$dGKJFmtwBSOu2v.88L75Su/Q0Z24EKDQ707s4fKm4FAUFg5o25jj.', 'PostmanRuntime/7.45.0', '::1', '2025-09-15 21:07:44', '2025-09-09 15:07:44.604398', '2025-09-09 15:07:44.604398', 0, 1),
(16, '$2b$10$ys6BQOW8JZ1cnXX7eAk4euwqe16yqcdfQqkWzluVpVCa6e6T69z2i', 'Mozilla/5.0 (Windows NT 10.0; Win64; x64) AppleWebKit/537.36 (KHTML, like Gecko) Chrome/140.0.0.0 Safari/537.36 Edg/140.0.0.0', '::1', '2025-09-09 07:15:43', '2025-09-09 15:11:10.364473', '2025-09-09 16:15:43.000000', 1, 3),
(17, '$2b$10$FltnIRvatluG.pnnAeyUCOAnQgsHeh6vH6247wo1wSTFnewqJTP76', 'Mozilla/5.0 (Windows NT 10.0; Win64; x64) AppleWebKit/537.36 (KHTML, like Gecko) Chrome/140.0.0.0 Safari/537.36 Edg/140.0.0.0', '::1', '2025-09-09 07:15:46', '2025-09-09 16:15:43.704473', '2025-09-09 16:15:46.000000', 1, 3),
(18, '$2b$10$bdHeYooXpChNT559/Hh9KeQ9VzOlKukSDhoHhtIBdwWr7xn1chs9i', 'Mozilla/5.0 (Windows NT 10.0; Win64; x64) AppleWebKit/537.36 (KHTML, like Gecko) Chrome/140.0.0.0 Safari/537.36 Edg/140.0.0.0', '::1', '2025-09-09 07:27:29', '2025-09-09 16:16:16.063130', '2025-09-09 16:27:29.000000', 1, 1),
(19, '$2b$10$ipIBiABip.AYB.kPbdaUOul8L7ldQK7IsARKJcK76aJGeAjTe7nnu', 'Mozilla/5.0 (Windows NT 10.0; Win64; x64) AppleWebKit/537.36 (KHTML, like Gecko) Chrome/140.0.0.0 Safari/537.36 Edg/140.0.0.0', '::1', '2025-09-09 07:30:36', '2025-09-09 16:27:47.088044', '2025-09-09 16:30:36.000000', 1, 4),
(20, '$2b$10$HUn/KA4id6bG33B80rH1A.1GUNGxE0U7uuwOB3IglTldXzuExgha6', 'Mozilla/5.0 (Windows NT 10.0; Win64; x64) AppleWebKit/537.36 (KHTML, like Gecko) Chrome/140.0.0.0 Safari/537.36 Edg/140.0.0.0', '::1', '2025-09-09 09:27:49', '2025-09-09 16:30:42.621649', '2025-09-09 18:27:49.000000', 1, 3),
(21, '$2b$10$uSZBSkHEUYQfOj7QY8fwOeUuZ8YOfcPjSnk/kwOyA.7amDEalPKzS', 'Mozilla/5.0 (Windows NT 10.0; Win64; x64) AppleWebKit/537.36 (KHTML, like Gecko) Chrome/140.0.0.0 Safari/537.36 Edg/140.0.0.0', '::1', '2025-09-10 03:42:59', '2025-09-09 18:27:49.570662', '2025-09-10 12:42:59.000000', 1, 3),
(22, '$2b$10$w5HZH.Fx2ZuuwK5gDNFnZ.v8t6.pdElHSOXS6Vosp0MxlRaO8S7he', 'Mozilla/5.0 (Windows NT 10.0; Win64; x64) AppleWebKit/537.36 (KHTML, like Gecko) Chrome/140.0.0.0 Safari/537.36 Edg/140.0.0.0', '::1', '2025-09-10 07:20:20', '2025-09-10 12:43:00.058632', '2025-09-10 16:20:20.000000', 1, 3),
(23, '$2b$10$3Q3z7v2a3WKVTL518.KtD.QF9QzU7PXV/HLJ2AHPI5/CqL04VXL2K', 'Mozilla/5.0 (Windows NT 10.0; Win64; x64) AppleWebKit/537.36 (KHTML, like Gecko) Chrome/140.0.0.0 Safari/537.36 Edg/140.0.0.0', '::1', '2025-09-10 07:59:44', '2025-09-10 16:20:20.840815', '2025-09-10 16:59:44.000000', 1, 3),
(24, '$2b$10$khKpTkcqWzSWOiILPTWsbOj1zELAJinRebzNxk2MeQ8DUPlGc3RuO', 'Mozilla/5.0 (Windows NT 10.0; Win64; x64) AppleWebKit/537.36 (KHTML, like Gecko) Chrome/140.0.0.0 Safari/537.36 Edg/140.0.0.0', '::1', '2025-09-11 02:58:03', '2025-09-10 16:59:44.905204', '2025-09-11 11:58:03.000000', 1, 3),
(25, '$2b$10$0.fla8lVnjUTDnu32V2CzeL.XBcYz7FjAEXzxPfICqVkMczqKEXkG', 'Mozilla/5.0 (Windows NT 10.0; Win64; x64) AppleWebKit/537.36 (KHTML, like Gecko) Chrome/140.0.0.0 Safari/537.36 Edg/140.0.0.0', '::1', '2025-09-11 03:31:33', '2025-09-11 11:58:03.327654', '2025-09-11 12:31:33.000000', 1, 3),
(26, '$2b$10$VLEILAQDbkBWJ7z.met4rOrV427egCk6qOIRGk7I.BK.9p03vjy7.', 'Mozilla/5.0 (Windows NT 10.0; Win64; x64) AppleWebKit/537.36 (KHTML, like Gecko) Chrome/140.0.0.0 Safari/537.36 Edg/140.0.0.0', '::1', '2025-09-11 05:36:23', '2025-09-11 12:31:33.967396', '2025-09-11 14:36:23.000000', 1, 3),
(27, '$2b$10$WNq0BuiPlr.BNTToBiaY3usQgOjWLfKEPqv9.nuNJ4HYIUmD/ehyS', 'Mozilla/5.0 (Windows NT 10.0; Win64; x64) AppleWebKit/537.36 (KHTML, like Gecko) Chrome/140.0.0.0 Safari/537.36 Edg/140.0.0.0', '::1', '2025-09-11 06:28:47', '2025-09-11 14:36:23.613202', '2025-09-11 15:28:47.000000', 1, 3),
(28, '$2b$10$dHELPtMYvYgF6gLeGwDpneAk0jVSjVX/b/XNHmtWeM8NI1mewhrGS', 'Mozilla/5.0 (Windows NT 10.0; Win64; x64) AppleWebKit/537.36 (KHTML, like Gecko) Chrome/140.0.0.0 Safari/537.36 Edg/140.0.0.0', '::1', '2025-09-11 06:58:57', '2025-09-11 15:28:47.405593', '2025-09-11 15:58:57.000000', 1, 3),
(29, '$2b$10$pqXoS8iz.pvaOcDEiaW34.FYrVWvU7ZIywBDX8g2FObTS3fjISmEC', 'Mozilla/5.0 (Windows NT 10.0; Win64; x64) AppleWebKit/537.36 (KHTML, like Gecko) Chrome/140.0.0.0 Safari/537.36 Edg/140.0.0.0', '::1', '2025-09-11 07:35:16', '2025-09-11 15:58:57.587417', '2025-09-11 16:35:16.000000', 1, 3),
(30, '$2b$10$MF/3lQasGNlSlnFshywP0O5VurYQUpAaC8tp6j9tIEyb3DSA1.mu6', 'Mozilla/5.0 (Windows NT 10.0; Win64; x64) AppleWebKit/537.36 (KHTML, like Gecko) Chrome/140.0.0.0 Safari/537.36 Edg/140.0.0.0', '::1', '2025-09-11 08:28:27', '2025-09-11 16:35:16.665817', '2025-09-11 17:28:27.000000', 1, 3),
(31, '$2b$10$ie29VvW9KdOjx9.CzTj36uQr3.2vEyMghcWH4E5ynQPRp7b1aOqp2', 'Mozilla/5.0 (Windows NT 10.0; Win64; x64) AppleWebKit/537.36 (KHTML, like Gecko) Chrome/140.0.0.0 Safari/537.36 Edg/140.0.0.0', '::1', '2025-09-11 08:58:36', '2025-09-11 17:28:27.446215', '2025-09-11 17:58:36.000000', 1, 3),
(32, '$2b$10$J20rIaz5CdUNkVK5zJoJLOzbtHI2G7pWkivvkkWoW3571auW7pI9C', 'Mozilla/5.0 (Windows NT 10.0; Win64; x64) AppleWebKit/537.36 (KHTML, like Gecko) Chrome/140.0.0.0 Safari/537.36 Edg/140.0.0.0', '::1', '2025-09-11 09:33:45', '2025-09-11 17:58:36.358806', '2025-09-11 18:33:45.000000', 1, 3),
(33, '$2b$10$An7YvQGDr36g/WB7pCYt8eQGgQVmp7uBcRlXgoZC8fAy.8BmhTuxi', 'Mozilla/5.0 (Windows NT 10.0; Win64; x64) AppleWebKit/537.36 (KHTML, like Gecko) Chrome/140.0.0.0 Safari/537.36 Edg/140.0.0.0', '::1', '2025-09-12 01:22:02', '2025-09-11 18:33:45.466001', '2025-09-12 10:22:02.000000', 1, 3),
(34, '$2b$10$HjSIdDi7PcHDqXVzoRgT0.Oa6gL3.uimwz/wg0BnesDSUZpjIU62W', 'Mozilla/5.0 (Windows NT 10.0; Win64; x64) AppleWebKit/537.36 (KHTML, like Gecko) Chrome/140.0.0.0 Safari/537.36 Edg/140.0.0.0', '::1', '2025-09-12 02:46:11', '2025-09-12 10:22:03.156046', '2025-09-12 11:46:11.000000', 1, 3),
(35, '$2b$10$MqqpLy4SS2ZHYv6h1FMgWeQdszjkB4xz.bDY3qs/tRVdtpj1GMURG', 'Mozilla/5.0 (Windows NT 10.0; Win64; x64) AppleWebKit/537.36 (KHTML, like Gecko) Chrome/140.0.0.0 Safari/537.36 Edg/140.0.0.0', '::1', '2025-09-12 03:49:00', '2025-09-12 11:46:11.800791', '2025-09-12 12:49:00.000000', 1, 3),
(36, '$2b$10$1HwBK8vsiOmV.qhPKrbIkeDRnFYwtsid1LR.E5JvFGbXFTzXUUsgu', 'Mozilla/5.0 (Windows NT 10.0; Win64; x64) AppleWebKit/537.36 (KHTML, like Gecko) Chrome/140.0.0.0 Safari/537.36 Edg/140.0.0.0', '::1', '2025-09-12 04:35:00', '2025-09-12 12:49:00.492290', '2025-09-12 13:35:00.000000', 1, 3),
(37, '$2b$10$5Grl7qJfnbZBWvzq6AlgUuaMvGSphV5tJSkxSr11safmOp6Ho6Bce', 'Mozilla/5.0 (Windows NT 10.0; Win64; x64) AppleWebKit/537.36 (KHTML, like Gecko) Chrome/140.0.0.0 Safari/537.36 Edg/140.0.0.0', '::1', '2025-09-12 05:32:26', '2025-09-12 13:35:00.667268', '2025-09-12 14:32:26.000000', 1, 3),
(38, '$2b$10$Fe.b1ZzPPJcX./zOQ87lvu5SrUZk/jWXTmQrk9JxwSiugNHbYgNIe', 'Mozilla/5.0 (Windows NT 10.0; Win64; x64) AppleWebKit/537.36 (KHTML, like Gecko) Chrome/140.0.0.0 Safari/537.36 Edg/140.0.0.0', '::1', '2025-09-12 06:34:47', '2025-09-12 14:32:26.342236', '2025-09-12 15:34:47.000000', 1, 3),
(39, '$2b$10$cWmS4vgAKAJyLRPoUpdfruxrhCWrFIDaSyCMTGv05.FjIonTEU0/G', 'Mozilla/5.0 (Windows NT 10.0; Win64; x64) AppleWebKit/537.36 (KHTML, like Gecko) Chrome/140.0.0.0 Safari/537.36 Edg/140.0.0.0', '::1', '2025-09-15 02:43:34', '2025-09-12 15:34:47.420205', '2025-09-15 11:43:34.000000', 1, 3),
(40, '$2b$10$RY2emxYUxpEmFS6Q8O/kWOLAxNcA5RsOViPKCWT3CiPDSjwLHaXf6', 'Mozilla/5.0 (Windows NT 10.0; Win64; x64) AppleWebKit/537.36 (KHTML, like Gecko) Chrome/140.0.0.0 Safari/537.36 Edg/140.0.0.0', '::1', '2025-09-15 04:28:24', '2025-09-15 11:43:34.559871', '2025-09-15 13:28:24.000000', 1, 3),
(41, '$2b$10$qhYXC2gFbjrp9wG3AD./Nu5fcHAfDWbw6UB6dIT4/9YbxWJWfyAna', 'Mozilla/5.0 (Windows NT 10.0; Win64; x64) AppleWebKit/537.36 (KHTML, like Gecko) Chrome/140.0.0.0 Safari/537.36 Edg/140.0.0.0', '::1', '2025-09-15 08:15:54', '2025-09-15 13:28:24.200953', '2025-09-15 17:15:54.000000', 1, 3),
(42, '$2b$10$N6M.UWtk6yGzZddLW6oVlegexqRhTJVu6UDYeBX4BjHAbt/R/qhfe', 'Mozilla/5.0 (Windows NT 10.0; Win64; x64) AppleWebKit/537.36 (KHTML, like Gecko) Chrome/140.0.0.0 Safari/537.36 Edg/140.0.0.0', '::1', '2025-09-15 09:21:28', '2025-09-15 17:15:54.715346', '2025-09-15 18:21:28.000000', 1, 3),
(43, '$2b$10$l6eu6GAVv5E/vnfKAKhOQuY6hq3gXc/nhDXuLSnrBOdyQUd3Wle8u', 'Mozilla/5.0 (Windows NT 10.0; Win64; x64) AppleWebKit/537.36 (KHTML, like Gecko) Chrome/140.0.0.0 Safari/537.36 Edg/140.0.0.0', '::1', '2025-09-15 09:51:42', '2025-09-15 18:21:28.133614', '2025-09-15 18:51:42.000000', 1, 3),
(44, '$2b$10$GFuZIdiTQGBmYDnJAvNRM.T6KUTorHpSNdg4eKCvQ8PCTESQxrCK6', 'Mozilla/5.0 (Windows NT 10.0; Win64; x64) AppleWebKit/537.36 (KHTML, like Gecko) Chrome/140.0.0.0 Safari/537.36 Edg/140.0.0.0', '::1', '2025-09-22 00:51:42', '2025-09-15 18:51:42.373399', '2025-09-15 18:51:42.373399', 0, 3);

--
-- ダンプしたテーブルのインデックス
--

--
-- テーブルのインデックス `departments`
--
ALTER TABLE `departments`
  ADD PRIMARY KEY (`id`),
  ADD UNIQUE KEY `IDX_8681da666ad9699d568b3e9106` (`name`);

--
-- テーブルのインデックス `logs`
--
ALTER TABLE `logs`
  ADD PRIMARY KEY (`id`),
  ADD KEY `FK_031932e8065352a448ff50f4819` (`user_name`);

--
-- テーブルのインデックス `machine_status_history`
--
ALTER TABLE `machine_status_history`
  ADD PRIMARY KEY (`ID`);

--
-- テーブルのインデックス `permissions`
--
ALTER TABLE `permissions`
  ADD PRIMARY KEY (`id`);

--
-- テーブルのインデックス `positions`
--
ALTER TABLE `positions`
  ADD PRIMARY KEY (`id`),
  ADD UNIQUE KEY `IDX_5c70dc5aa01e351730e4ffc929` (`name`);

--
-- テーブルのインデックス `roles`
--
ALTER TABLE `roles`
  ADD PRIMARY KEY (`id`),
  ADD UNIQUE KEY `IDX_648e3f5447f725579d7d4ffdfb` (`name`);

--
-- テーブルのインデックス `role_permissions`
--
ALTER TABLE `role_permissions`
  ADD PRIMARY KEY (`role_id`,`permission_id`),
  ADD KEY `IDX_178199805b901ccd220ab7740e` (`role_id`),
  ADD KEY `IDX_17022daf3f885f7d35423e9971` (`permission_id`);

--
-- テーブルのインデックス `schedule_stop_machine_current`
--
ALTER TABLE `schedule_stop_machine_current`
  ADD PRIMARY KEY (`id`);

--
-- テーブルのインデックス `schedule_stop_machine_history`
--
ALTER TABLE `schedule_stop_machine_history`
  ADD PRIMARY KEY (`id`);

--
-- テーブルのインデックス `users`
--
ALTER TABLE `users`
  ADD PRIMARY KEY (`id`),
  ADD UNIQUE KEY `IDX_074a1f262efaca6aba16f7ed92` (`user_name`),
  ADD UNIQUE KEY `IDX_97672ac88f789774dd47f7c8be` (`email`),
  ADD KEY `FK_0921d1972cf861d568f5271cd85` (`department_id`),
  ADD KEY `FK_8e29a9d2f1fa57ebf1a4ce17353` (`position_id`);

--
-- テーブルのインデックス `user_roles`
--
ALTER TABLE `user_roles`
  ADD PRIMARY KEY (`user_id`,`role_id`),
  ADD KEY `IDX_87b8888186ca9769c960e92687` (`user_id`),
  ADD KEY `IDX_b23c65e50a758245a33ee35fda` (`role_id`);

--
-- テーブルのインデックス `user_tokens`
--
ALTER TABLE `user_tokens`
  ADD PRIMARY KEY (`id`),
  ADD KEY `FK_92ce9a299624e4c4ffd99b645b6` (`userId`);

--
-- ダンプしたテーブルの AUTO_INCREMENT
--

--
-- テーブルの AUTO_INCREMENT `departments`
--
ALTER TABLE `departments`
  MODIFY `id` int(11) NOT NULL AUTO_INCREMENT, AUTO_INCREMENT=4;

--
-- テーブルの AUTO_INCREMENT `logs`
--
ALTER TABLE `logs`
  MODIFY `id` int(11) NOT NULL AUTO_INCREMENT, AUTO_INCREMENT=9;

--
-- テーブルの AUTO_INCREMENT `machine_status_history`
--
ALTER TABLE `machine_status_history`
  MODIFY `ID` int(11) NOT NULL AUTO_INCREMENT, AUTO_INCREMENT=323;

--
-- テーブルの AUTO_INCREMENT `permissions`
--
ALTER TABLE `permissions`
  MODIFY `id` int(11) NOT NULL AUTO_INCREMENT, AUTO_INCREMENT=12;

--
-- テーブルの AUTO_INCREMENT `positions`
--
ALTER TABLE `positions`
  MODIFY `id` int(11) NOT NULL AUTO_INCREMENT, AUTO_INCREMENT=2;

--
-- テーブルの AUTO_INCREMENT `roles`
--
ALTER TABLE `roles`
  MODIFY `id` int(11) NOT NULL AUTO_INCREMENT, AUTO_INCREMENT=4;

--
-- テーブルの AUTO_INCREMENT `schedule_stop_machine_current`
--
ALTER TABLE `schedule_stop_machine_current`
  MODIFY `id` int(11) NOT NULL AUTO_INCREMENT, AUTO_INCREMENT=6;

--
-- テーブルの AUTO_INCREMENT `schedule_stop_machine_history`
--
ALTER TABLE `schedule_stop_machine_history`
  MODIFY `id` int(11) NOT NULL AUTO_INCREMENT, AUTO_INCREMENT=6;

--
-- テーブルの AUTO_INCREMENT `users`
--
ALTER TABLE `users`
  MODIFY `id` int(11) NOT NULL AUTO_INCREMENT, AUTO_INCREMENT=5;

--
-- テーブルの AUTO_INCREMENT `user_tokens`
--
ALTER TABLE `user_tokens`
  MODIFY `id` int(11) NOT NULL AUTO_INCREMENT, AUTO_INCREMENT=45;

--
-- ダンプしたテーブルの制約
--

--
-- テーブルの制約 `logs`
--
ALTER TABLE `logs`
  ADD CONSTRAINT `FK_031932e8065352a448ff50f4819` FOREIGN KEY (`user_name`) REFERENCES `users` (`user_name`) ON DELETE NO ACTION ON UPDATE NO ACTION;

--
-- テーブルの制約 `role_permissions`
--
ALTER TABLE `role_permissions`
  ADD CONSTRAINT `FK_17022daf3f885f7d35423e9971e` FOREIGN KEY (`permission_id`) REFERENCES `permissions` (`id`) ON DELETE NO ACTION ON UPDATE NO ACTION,
  ADD CONSTRAINT `FK_178199805b901ccd220ab7740ec` FOREIGN KEY (`role_id`) REFERENCES `roles` (`id`) ON DELETE CASCADE ON UPDATE CASCADE;

--
-- テーブルの制約 `users`
--
ALTER TABLE `users`
  ADD CONSTRAINT `FK_0921d1972cf861d568f5271cd85` FOREIGN KEY (`department_id`) REFERENCES `departments` (`id`) ON DELETE SET NULL ON UPDATE NO ACTION,
  ADD CONSTRAINT `FK_8e29a9d2f1fa57ebf1a4ce17353` FOREIGN KEY (`position_id`) REFERENCES `positions` (`id`) ON DELETE SET NULL ON UPDATE NO ACTION;

--
-- テーブルの制約 `user_roles`
--
ALTER TABLE `user_roles`
  ADD CONSTRAINT `FK_87b8888186ca9769c960e926870` FOREIGN KEY (`user_id`) REFERENCES `users` (`id`) ON DELETE CASCADE ON UPDATE CASCADE,
  ADD CONSTRAINT `FK_b23c65e50a758245a33ee35fda1` FOREIGN KEY (`role_id`) REFERENCES `roles` (`id`) ON DELETE NO ACTION ON UPDATE NO ACTION;

--
-- テーブルの制約 `user_tokens`
--
ALTER TABLE `user_tokens`
  ADD CONSTRAINT `FK_92ce9a299624e4c4ffd99b645b6` FOREIGN KEY (`userId`) REFERENCES `users` (`id`) ON DELETE CASCADE ON UPDATE NO ACTION;
COMMIT;

/*!40101 SET CHARACTER_SET_CLIENT=@OLD_CHARACTER_SET_CLIENT */;
/*!40101 SET CHARACTER_SET_RESULTS=@OLD_CHARACTER_SET_RESULTS */;
/*!40101 SET COLLATION_CONNECTION=@OLD_COLLATION_CONNECTION */;
