-- phpMyAdmin SQL Dump
-- version 5.2.1
-- https://www.phpmyadmin.net/
--
-- ホスト: 127.0.0.1
-- 生成日時: 2025-11-12 10:37:27
-- サーバのバージョン： 10.4.32-MariaDB
-- PHP のバージョン: 8.2.12

SET SQL_MODE = "NO_AUTO_VALUE_ON_ZERO";
START TRANSACTION;
SET time_zone = "+00:00";


/*!40101 SET @OLD_CHARACTER_SET_CLIENT=@@CHARACTER_SET_CLIENT */;
/*!40101 SET @OLD_CHARACTER_SET_RESULTS=@@CHARACTER_SET_RESULTS */;
/*!40101 SET @OLD_COLLATION_CONNECTION=@@COLLATION_CONNECTION */;
/*!40101 SET NAMES utf8mb4 */;

--
-- データベース: `mmp_machine_layout`
--

-- --------------------------------------------------------

--
-- テーブルの構造 `counter_machines`
--

CREATE TABLE `counter_machines` (
  `counter_no` smallint(6) NOT NULL,
  `machine_no` smallint(6) NOT NULL
) ENGINE=InnoDB DEFAULT CHARSET=utf8 COLLATE=utf8_unicode_ci;

--
-- テーブルのデータのダンプ `counter_machines`
--

INSERT INTO `counter_machines` (`counter_no`, `machine_no`) VALUES
(2501, 2201),
(2501, 2202),
(2501, 2203),
(2501, 2204),
(2502, 2206),
(2502, 2207),
(2502, 2208),
(2502, 2209),
(2503, 2211),
(2503, 2212),
(2503, 2213),
(2503, 2214),
(2504, 2216),
(2504, 2217),
(2504, 2218),
(2505, 2221),
(2505, 2222),
(2505, 2223),
(2506, 2226),
(2506, 2227),
(2506, 2228),
(2507, 2231),
(2507, 2232),
(2507, 2233),
(2508, 2235),
(2508, 2236),
(2509, 2238),
(2509, 2239),
(2510, 2241),
(2510, 2242),
(2512, 2247),
(2512, 2248),
(2516, 2259),
(2516, 2260),
(2517, 2262),
(2517, 2263),
(2518, 2265),
(2518, 2266),
(2519, 2244),
(2519, 2245),
(2520, 2250),
(2520, 2251),
(2521, 2253),
(2521, 2254),
(2522, 2256),
(2522, 2257);

-- --------------------------------------------------------

--
-- テーブルの構造 `departments`
--

CREATE TABLE `departments` (
  `id` int(11) NOT NULL,
  `name` varchar(50) NOT NULL COMMENT 'Tên bộ phận',
  `description` text DEFAULT NULL COMMENT 'Mô tả bộ phận'
) ENGINE=InnoDB DEFAULT CHARSET=utf8 COLLATE=utf8_unicode_ci;

--
-- テーブルのデータのダンプ `departments`
--

INSERT INTO `departments` (`id`, `name`, `description`) VALUES
(1, 'Sensin', NULL),
(2, 'System', ''),
(3, 'IFS', '');

-- --------------------------------------------------------

--
-- テーブルの構造 `devices`
--

CREATE TABLE `devices` (
  `factory_type` tinyint(4) NOT NULL,
  `machine_no` smallint(6) NOT NULL,
  `IPAddress` varchar(20) DEFAULT NULL,
  `unit_no` smallint(6) DEFAULT NULL,
  `maker` varchar(10) DEFAULT NULL,
  `model` varchar(10) DEFAULT NULL,
  `device_type` smallint(6) DEFAULT NULL,
  `parts_no` varchar(20) DEFAULT NULL,
  `machine_name` varchar(15) DEFAULT NULL,
  `line_no` varchar(15) DEFAULT NULL,
  `op` varchar(15) DEFAULT NULL,
  `connect` tinyint(4) DEFAULT NULL
) ENGINE=InnoDB DEFAULT CHARSET=utf8 COLLATE=utf8_unicode_ci;

--
-- テーブルのデータのダンプ `devices`
--

INSERT INTO `devices` (`factory_type`, `machine_no`, `IPAddress`, `unit_no`, `maker`, `model`, `device_type`, `parts_no`, `machine_name`, `line_no`, `op`, `connect`) VALUES
(2, 2201, '192.168.20.201', 201, '三菱', 'M800L', 10, '079612-0930', 'XG-4', '1-1', '1', 1),
(2, 2202, '192.168.20.202', 202, '三菱', 'M800L', 10, '079612-0930', 'XG-4', '1-2', '1', 1),
(2, 2203, '192.168.20.203', 203, '三菱', 'M800L', 10, '079612-0930', 'XG-4', '1-3', '1', 1),
(2, 2204, '192.168.20.204', 204, '三菱', 'M800L', 10, '079612-0930', 'XG-4', '1-4', '1', 1),
(2, 2206, '192.168.20.206', 206, '三菱', 'M800L', 10, '079612-0930', 'XG-4', '2-1', '1', 1),
(2, 2207, '192.168.20.207', 207, '三菱', 'M800L', 10, '079612-0930', 'XG-4', '2-2', '1', 1),
(2, 2208, '192.168.20.208', 208, '三菱', 'M800L', 10, '079612-0930', 'XG-4', '2-3', '1', 1),
(2, 2209, '192.168.20.209', 209, '三菱', 'M800L', 10, '079612-0930', 'XG-4', '2-4', '1', 1),
(2, 2211, '192.168.20.211', 211, '三菱', 'M800L', 10, '079612-0930', 'XG-4', '3-1', '1', 1),
(2, 2212, '192.168.20.212', 212, '三菱', 'M800L', 10, '079612-0930', 'XG-4', '3-2', '1', 1),
(2, 2213, '192.168.20.213', 213, '三菱', 'M800L', 10, '079612-0930', 'XG-4', '3-3', '1', 1),
(2, 2214, '192.168.20.214', 214, '三菱', 'M800L', 10, '079612-0930', 'XG-4', '3-4', '1', 1),
(2, 2216, '192.168.20.216', 216, '三菱', 'M800L', 10, '079634-0270', 'XG-4', '1-1', '1', 1),
(2, 2217, '192.168.20.217', 217, '三菱', 'M800L', 10, '079634-0270', 'XG-4', '1-2', '1', 1),
(2, 2218, '192.168.20.218', 218, '三菱', 'M800L', 10, '079634-0270', 'XG-4', '1-3', '1', 1),
(2, 2221, '192.168.20.221', 221, '三菱', 'M800L', 10, '079634-0270', 'XG-4', '2-1', '1', 1),
(2, 2222, '192.168.20.222', 222, '三菱', 'M800L', 10, '079634-0270', 'XG-4', '2-2', '1', 1),
(2, 2223, '192.168.20.223', 223, '三菱', 'M800L', 10, '079634-0270', 'XG-4', '2-3', '1', 1),
(2, 2226, '192.168.20.226', 226, '三菱', 'M800L', 10, '079634-0270', 'XG-4', '3-1', '1', 1),
(2, 2227, '192.168.20.227', 227, '三菱', 'M800L', 10, '079634-0270', 'XG-4', '3-2', '1', 1),
(2, 2228, '192.168.20.228', 228, '三菱', 'M800L', 10, '079634-0270', 'XG-4', '3-3', '1', 1),
(2, 2231, '192.168.20.231', 231, '三菱', 'M800L', 10, '079634-0270', 'XG-4', '4-1', '1', 0),
(2, 2232, '192.168.20.232', 232, '三菱', 'M800L', 10, '079634-0270', 'XG-4', '4-2', '1', 0),
(2, 2233, '192.168.20.233', 233, '三菱', 'M800L', 10, '079634-0270', 'XG-4', '4-3', '1', 0),
(2, 2235, '192.168.20.16', 235, '三菱', 'M70L', 10, '299563-3020', 'XW30', '39', '1', 1),
(2, 2236, '192.168.20.17', 236, '三菱', 'M70L', 10, '299563-3020', 'XW30', '39', '2', 1),
(2, 2238, '192.168.20.19', 238, '三菱', 'M70L', 10, '299563-3020', 'XW30', '40', '1', 0),
(2, 2239, '192.168.20.20', 239, '三菱', 'M70L', 10, '299563-3020', 'XW30', '40', '2', 0),
(2, 2241, '192.168.20.22', 241, '三菱', 'M70L', 10, '299563-3020', 'XW30', '41', '1', 1),
(2, 2242, '192.168.20.23', 242, '三菱', 'M70L', 10, '299563-3020', 'XW30', '41', '2', 1),
(2, 2244, '192.168.20.25', 244, 'ファナック', '0i-TD', 10, '299763-5010', 'KNC160W', '42', '1', 0),
(2, 2245, '192.168.20.26', 245, 'ファナック', '0i-TD', 10, '299763-5010', 'KNC160W', '42', '2', 0),
(2, 2247, '192.168.20.28', 247, '三菱', 'M70L', 10, '299577-3020', 'XW30', '30', '1', 1),
(2, 2248, '192.168.20.29', 248, '三菱', 'M70L', 10, '299577-3020', 'XW30', '30', '2', 1),
(2, 2250, '192.168.20.31', 250, 'ファナック', '0i-TD', 10, '299577-3020', 'KNC160W', '31', '1', 0),
(2, 2251, '192.168.20.32', 251, 'ファナック', '0i-TD', 10, '299577-3020', 'KNC160W', '31', '2', 0),
(2, 2253, '192.168.20.34', 253, 'ファナック', '0i-TD', 10, '299577-3020', 'KNC160W', '32', '1', 0),
(2, 2254, '192.168.20.35', 254, 'ファナック', '0i-TD', 10, '299577-3020', 'KNC160W', '32', '2', 0),
(2, 2256, '192.168.20.37', 256, 'ファナック', '0i-TD', 10, '299577-3020', 'KNC160W', '33', '1', 0),
(2, 2257, '192.168.20.38', 257, 'ファナック', '0i-TD', 10, '299577-3020', 'KNC160W', '33', '2', 0),
(2, 2259, '192.168.20.40', 159, '三菱', 'M70L', 10, '299577-3020', 'XW30', '34', '1', 1),
(2, 2260, '192.168.20.41', 160, '三菱', 'M70L', 10, '299577-3020', 'XW30', '34', '2', 1),
(2, 2262, '192.168.20.43', 162, '三菱', 'M70L', 10, '299577-3020', 'XW30', '35', '1', 1),
(2, 2263, '192.168.20.44', 163, '三菱', 'M70L', 10, '299577-3020', 'XW30', '35', '2', 1),
(2, 2265, '192.168.20.46', 165, '三菱', 'M70L', 10, '299577-3020', 'XW30', '36', '1', 1),
(2, 2266, '192.168.20.47', 166, '三菱', 'M70L', 10, '299577-3020', 'XW30', '36', '2', 1),
(2, 2501, '192.168.20.150', 501, 'キーエンス', 'KV8000', 40, '079612-0930', 'パレタイ', '1', '40', 1),
(2, 2502, '192.168.20.155', 502, 'キーエンス', 'KV8000', 40, '079612-0930', 'パレタイ', '2', '40', 1),
(2, 2503, '192.168.20.160', 503, 'キーエンス', 'KV8000', 40, '079612-0930', 'パレタイ', '3', '40', 1),
(2, 2504, '192.168.21.56', 504, 'キーエンス', 'KV8000', 40, '079634-0270', 'パレタイ', '1', '40', 1),
(2, 2505, '192.168.21.72', 505, 'キーエンス', 'KV8000', 40, '079634-0270', 'パレタイ', '2', '40', 1),
(2, 2506, '192.168.21.88', 506, 'キーエンス', 'KV8000', 40, '079634-0270', 'パレタイ', '3', '40', 1),
(2, 2507, '192.168.21.105', 507, 'キーエンス', 'KV8000', 40, '079634-0270', 'パレタイ', '4', '40', 0),
(2, 2508, '192.168.20.18', 508, '三菱', 'FX3U', 40, '299563-3020', 'パレタイ', '39', '40', 1),
(2, 2509, '192.168.20.21', 509, '三菱', 'FX3U', 40, '299563-3020', 'パレタイ', '40', '40', 1),
(2, 2510, '192.168.20.24', 510, '三菱', 'FX3U', 40, '299563-3020', 'パレタイ', '41', '40', 1),
(2, 2512, '192.168.20.30', 512, '三菱', 'FX3U', 40, '299577-3020', 'パレタイ', '30', '40', 1),
(2, 2516, '192.168.20.42', 516, '三菱', 'FX3U', 40, '299577-3020', 'パレタイ', '34', '40', 1),
(2, 2517, '192.168.20.45', 517, '三菱', 'FX3U', 40, '299577-3020', 'パレタイ', '35', '40', 1),
(2, 2518, '192.168.20.48', 518, '三菱', 'FX3U', 40, '299577-3020', 'パレタイ', '36', '40', 1),
(2, 2519, '192.168.20.25', 519, 'キーエンス', 'KV7500', 40, '299763-5010', 'パレタイ', '42', '40', 1),
(2, 2520, '192.168.20.31', 520, 'キーエンス', 'KV7500', 40, '299577-3020', 'パレタイ', '31', '40', 1),
(2, 2521, '192.168.20.34', 521, 'キーエンス', 'KV7500', 40, '299577-3020', 'パレタイ', '32', '40', 1),
(2, 2522, '192.168.20.37', 522, 'キーエンス', 'KV7500', 40, '299577-3020', 'パレタイ', '33', '40', 1),
(4, 4103, '192.168.6.163', 103, '三菱', 'M70L', 10, '298564-0010', 'XW30', '3', '12', 0),
(4, 4104, '192.168.6.164', 104, '三菱', 'M70L', 10, '299563-3020', 'XW30', '6', '12', 0),
(4, 4105, '192.168.6.165', 105, '三菱', 'M70L', 10, '299563-3020', 'XW30', '7', '12', 1),
(4, 4106, '192.168.6.166', 106, '三菱', 'M70L', 10, '299563-3020-1', 'XW30', '12', '1', 1),
(4, 4107, '192.168.6.167', 107, '三菱', 'M70L', 10, '299563-3020-1', 'XW30', '12', '2', 1),
(4, 4108, '192.168.6.168', 108, '三菱', 'M70L', 10, '299563-3020-1', 'XW30', '13', '1', 1),
(4, 4109, '192.168.6.169', 109, '三菱', 'M70L', 10, '299563-3020-1', 'XW30', '13', '2', 1),
(4, 4110, '192.168.6.170', 110, '三菱', 'M700L', 10, '299563-3020-1', 'ILW30M', '15', '1', 0),
(4, 4111, '192.168.6.171', 111, '三菱', 'M700L', 10, '299563-3020-1', 'ILW30M', '15', '2', 0),
(4, 4112, '192.168.6.172', 112, '三菱', 'M700L', 10, '299563-3020-1', 'ILW30M', '24', '1', 0),
(4, 4113, '192.168.6.173', 113, '三菱', 'M700L', 10, '299563-3020-1', 'ILW30M', '24', '2', 0),
(4, 4114, '192.168.6.174', 114, '三菱', 'M700L', 10, '299563-3020-1', 'ILW30M', '31', '1', 0),
(4, 4115, '192.168.6.175', 115, '三菱', 'M700L', 10, '299563-3020-1', 'ILW30M', '31', '2', 0),
(4, 4116, '192.168.6.176', 116, '三菱', 'M700L', 10, '299563-3020-1', 'ILW30M', '32', '1', 0),
(4, 4117, '192.168.6.177', 117, '三菱', 'M700L', 10, '299563-3020-1', 'ILW30M', '32', '2', 0),
(4, 4118, '192.168.6.178', 118, '三菱', 'M70L', 10, '299563-3020-1', 'XW30', '33', '12', 1),
(4, 4119, '192.168.6.179', 119, '三菱', 'M70L', 10, '299563-3020-1', 'XW30', '34', '12', 1),
(4, 4120, '192.168.6.180', 120, '三菱', 'M70L', 10, '299563-3020-1', 'XW30', '35', '1', 1),
(4, 4121, '192.168.6.181', 121, '三菱', 'M70L', 10, '299563-3020-1', 'XW30', '35', '2', 1),
(4, 4122, '192.168.6.183', 122, '三菱', 'M70L', 10, '298577-0010', 'XW30', '1', '12', 0),
(4, 4123, '192.168.6.184', 123, '三菱', 'M70L', 10, '299577-3010', 'XW30', '2', '12', 0),
(4, 4124, '192.168.6.185', 124, '三菱', 'M70L', 10, '299577-3010', 'XW30', '3', '12', 0),
(4, 4125, '192.168.6.186', 125, '三菱', 'M70L', 10, '298577-0010', 'XW30', '4', '12', 0),
(4, 4126, '192.168.6.187', 126, '三菱', 'M70L', 10, '298577-0010', 'XW30', '5', '12', 0),
(4, 4127, '192.168.6.188', 127, '三菱', 'M70L', 10, '299577-3010', 'XW30', '8', '12', 0),
(4, 4128, '192.168.6.189', 128, '三菱', 'M70L', 10, '299577-3010', 'XW30', '9', '12', 0),
(4, 4129, '192.168.6.190', 129, '三菱', 'M70L', 10, '299577-3010', 'XW30', '12', '1', 0),
(4, 4130, '192.168.6.191', 130, '三菱', 'M70L', 10, '299577-3010', 'XW30', '12', '2', 0),
(4, 4131, '192.168.6.192', 131, '三菱', 'M700L', 10, '299577-3010', 'ILW30M', '15', '1', 0),
(4, 4132, '192.168.6.193', 132, '三菱', 'M700L', 10, '299577-3010', 'ILW30M', '15', '2', 0),
(4, 4133, '192.168.6.194', 133, '三菱', 'M700L', 10, '299577-3010', 'ILW30M', '19', '1', 0),
(4, 4134, '192.168.6.195', 134, '三菱', 'M700L', 10, '299577-3010', 'ILW30M', '19', '2', 0),
(4, 4135, '192.168.6.196', 135, '三菱', 'M700L', 10, '299577-3010', 'ILW30M', '26', '1', 0),
(4, 4136, '192.168.6.197', 136, '三菱', 'M700L', 10, '299577-3010', 'ILW30M', '26', '2', 0),
(4, 4501, '192.168.6.9', 501, '三菱', 'FX3U', 40, '298564-0010', 'パレタイ', '1', '40', 0),
(4, 4502, '192.168.6.10', 502, '三菱', 'FX3U', 40, '298564-0010', 'パレタイ', '2', '40', 0),
(4, 4503, '192.168.6.11', 503, '三菱', 'FX3U', 40, '298564-0010', 'パレタイ', '3', '40', 0),
(4, 4504, '192.168.6.12', 504, '三菱', 'FX3U', 40, '298564-0010', 'パレタイ', '8', '40', 0),
(4, 4505, '192.168.6.13', 505, '三菱', 'FX3U', 40, '298564-0010', 'パレタイ', '9', '40', 0),
(4, 4506, '192.168.6.14', 506, '三菱', 'FX3U', 40, '298564-0010', 'パレタイ', '10', '40', 1),
(4, 4507, '192.168.6.15', 507, '三菱', 'FX3U', 40, '298564-0010', 'パレタイ', '11', '40', 1),
(4, 4508, '192.168.6.16', 508, '三菱', 'FX3U', 40, '299563-3020-1', 'パレタイ', '35', '40', 1),
(4, 4509, '192.168.6.18', 509, '三菱', 'FX3U', 40, '299563-3020', 'パレタイ', '6', '40', 0),
(4, 4510, '192.168.6.19', 510, '三菱', 'FX3U', 40, '299563-3020', 'パレタイ', '7', '40', 1),
(4, 4511, '192.168.6.20', 511, '三菱', 'FX3U', 40, '299563-3020-1', 'パレタイ', '12', '40', 1),
(4, 4512, '192.168.6.21', 512, '三菱', 'FX3U', 40, '299563-3020-1', 'パレタイ', '13', '40', 0),
(4, 4513, '192.168.6.22', 513, '三菱', 'FX3U', 40, '299563-3020-1', 'パレタイ', '15', '40', 1),
(4, 4514, '192.168.6.23', 514, '三菱', 'FX3U', 40, '299563-3020-1', 'パレタイ', '24', '40', 1),
(4, 4515, '192.168.6.24', 515, '三菱', 'FX3U', 40, '299563-3020-1', 'パレタイ', '31', '40', 1),
(4, 4516, '192.168.6.25', 516, '三菱', 'FX3U', 40, '299563-3020-1', 'パレタイ', '32', '40', 1),
(4, 4517, '192.168.6.26', 517, '三菱', 'FX3U', 40, '299563-3020-1', 'パレタイ', '33', '40', 1),
(4, 4518, '192.168.6.27', 518, '三菱', 'FX3U', 40, '299563-3020-1', 'パレタイ', '34', '40', 0),
(4, 4519, '192.168.6.30', 519, '三菱', 'FX3U', 40, '298577-0010', 'パレタイ', '1', '40', 0),
(4, 4520, '192.168.6.31', 520, '三菱', 'FX3U', 40, '298577-0010', 'パレタイ', '4', '40', 1),
(4, 4521, '192.168.6.32', 521, '三菱', 'FX3U', 40, '298577-0010', 'パレタイ', '5', '40', 1),
(4, 4522, '192.168.6.33', 522, '三菱', 'FX3U', 40, '298577-0010', 'パレタイ', '10', '40', 0),
(4, 4523, '192.168.6.34', 523, '三菱', 'FX3U', 40, '298577-0010', 'パレタイ', '11', '40', 0),
(4, 4524, '192.168.6.37', 524, '三菱', 'FX3U', 40, '299577-3010', 'パレタイ', '2', '40', 1),
(4, 4525, '192.168.6.38', 525, '三菱', 'FX3U', 40, '299577-3010', 'パレタイ', '3', '40', 1),
(4, 4526, '192.168.6.39', 526, '三菱', 'FX3U', 40, '299577-3010', 'パレタイ', '8', '40', 1),
(4, 4527, '192.168.6.40', 527, '三菱', 'FX3U', 40, '299577-3010', 'パレタイ', '9', '40', 1),
(4, 4528, '192.168.6.41', 528, '三菱', 'FX3U', 40, '299577-3010', 'パレタイ', '12', '40', 1),
(4, 4529, '192.168.6.42', 529, '三菱', 'FX3U', 40, '299577-3010', 'パレタイ', '15', '40', 1),
(4, 4530, '192.168.6.43', 530, '三菱', 'FX3U', 40, '299577-3010', 'パレタイ', '19', '40', 1),
(4, 4531, '192.168.6.44', 531, '三菱', 'FX3U', 40, '299577-3010', 'パレタイ', '26', '40', 1),
(4, 4532, '192.168.6.45', 532, '三菱', 'FX3U', 40, '299577-3010', 'パレタイ', '29', '40', 1),
(6, 6103, '192.168.7.117', 103, '三菱', 'M700L', 10, '299563-3020', 'ILW30M', '16', '1', 1),
(6, 6104, '192.168.7.118', 104, '三菱', 'M700L', 10, '299563-3020', 'ILW30M', '16', '2', 1),
(6, 6105, '192.168.7.120', 105, '三菱', 'M700L', 10, '299563-3020', 'ILW30M', '17', '1', 1),
(6, 6106, '192.168.7.121', 106, '三菱', 'M700L', 10, '299563-3020', 'ILW30M', '17', '2', 1),
(6, 6107, '192.168.7.123', 107, '三菱', 'M700L', 10, '299563-3020', 'ILW30M', '18', '1', 1),
(6, 6108, '192.168.7.124', 108, '三菱', 'M700L', 10, '299563-3020', 'ILW30M', '18', '2', 1),
(6, 6109, '192.168.7.126', 109, '三菱', 'M700L', 10, '299563-3020', 'ILW30M', '19', '1', 1),
(6, 6110, '192.168.7.127', 110, '三菱', 'M700L', 10, '299563-3020', 'ILW30M', '19', '2', 1),
(6, 6111, '192.168.7.129', 111, '三菱', 'M700L', 10, '299563-3020', 'ILW30M', '20', '1', 1),
(6, 6112, '192.168.7.130', 112, '三菱', 'M700L', 10, '299563-3020', 'ILW30M', '20', '2', 1),
(6, 6113, '192.168.7.132', 113, '三菱', 'M700L', 10, '299563-3020', 'ILW30M', '21', '1', 1),
(6, 6114, '192.168.7.133', 114, '三菱', 'M700L', 10, '299563-3020', 'ILW30M', '21', '2', 1),
(6, 6115, '192.168.7.135', 115, '三菱', 'M700L', 10, '299563-3020', 'ILW30M', '22', '1', 1),
(6, 6116, '192.168.7.136', 116, '三菱', 'M700L', 10, '299563-3020', 'ILW30M', '22', '2', 1),
(6, 6117, '192.168.7.138', 117, '三菱', 'M700L', 10, '299563-3020', 'ILW30M', '23', '1', 1),
(6, 6118, '192.168.7.139', 118, '三菱', 'M700L', 10, '299563-3020', 'ILW30M', '23', '2', 1),
(6, 6119, '192.168.7.144', 119, '三菱', 'M700L', 10, '299563-3020', 'ILW30M', '25', '1', 1),
(6, 6120, '192.168.7.145', 120, '三菱', 'M700L', 10, '299563-3020', 'ILW30M', '25', '2', 1),
(6, 6121, '192.168.7.147', 121, '三菱', 'M700L', 10, '299563-3020', 'ILW30M', '26', '1', 1),
(6, 6122, '192.168.7.148', 122, '三菱', 'M700L', 10, '299563-3020', 'ILW30M', '26', '2', 1),
(6, 6123, '192.168.7.150', 123, '三菱', 'M700L', 10, '299563-3020', 'ILW30M', '27', '1', 1),
(6, 6124, '192.168.7.151', 124, '三菱', 'M700L', 10, '299563-3020', 'ILW30M', '27', '2', 1),
(6, 6125, '192.168.7.153', 125, '三菱', 'M700L', 10, '299563-3020', 'ILW30M', '28', '1', 1),
(6, 6126, '192.168.7.154', 126, '三菱', 'M700L', 10, '299563-3020', 'ILW30M', '28', '2', 1),
(6, 6127, '192.168.7.156', 127, '三菱', 'M700L', 10, '299563-3020', 'ILW30M', '29', '1', 1),
(6, 6128, '192.168.7.157', 128, '三菱', 'M700L', 10, '299563-3020', 'ILW30M', '29', '2', 1),
(6, 6129, '192.168.7.159', 129, '三菱', 'M700L', 10, '299563-3020', 'ILW30M', '30', '1', 1),
(6, 6130, '192.168.7.160', 130, '三菱', 'M700L', 10, '299563-3020', 'ILW30M', '30', '2', 1),
(6, 6131, '192.168.7.185', 131, '三菱', 'M70L', 10, '299563-3020', 'XW30', '36', '1', 1),
(6, 6132, '192.168.7.186', 132, '三菱', 'M70L', 10, '299563-3020', 'XW30', '36', '2', 1),
(6, 6133, '192.168.7.187', 133, '三菱', 'M70L', 10, '299563-3020', 'XW30', '37', '1', 1),
(6, 6134, '192.168.7.188', 134, '三菱', 'M70L', 10, '299563-3020', 'XW30', '37', '2', 1),
(6, 6135, '192.168.7.206', 135, '三菱', 'M70L', 10, '299563-3020', 'XW30', '38', '1', 1),
(6, 6136, '192.168.7.207', 136, '三菱', 'M70L', 10, '299563-3020', 'XW30', '38', '2', 1),
(6, 6139, '192.168.7.168', 139, '三菱', 'M70L', 10, '299577-3020', 'XW30', '13', '1', 1),
(6, 6140, '192.168.7.169', 140, '三菱', 'M70L', 10, '299577-3020', 'XW30', '13', '2', 1),
(6, 6141, '192.168.7.177', 141, '三菱', 'M700L', 10, '299577-3020', 'ILW30M', '16', '1', 1),
(6, 6142, '192.168.7.178', 142, '三菱', 'M700L', 10, '299577-3020', 'ILW30M', '16', '2', 1),
(6, 6143, '192.168.7.180', 143, '三菱', 'M700L', 10, '299577-3020', 'ILW30M', '17', '1', 1),
(6, 6144, '192.168.7.181', 144, '三菱', 'M700L', 10, '299577-3020', 'ILW30M', '17', '2', 1),
(6, 6145, '192.168.7.183', 145, '三菱', 'M700L', 10, '299577-3020', 'ILW30M', '18', '1', 1),
(6, 6146, '192.168.7.184', 146, '三菱', 'M700L', 10, '299577-3020', 'ILW30M', '18', '2', 1),
(6, 6147, '192.168.7.189', 147, '三菱', 'M700L', 10, '299577-3020', 'ILW30M', '20', '1', 1),
(6, 6148, '192.168.7.190', 148, '三菱', 'M700L', 10, '299577-3020', 'ILW30M', '20', '2', 1),
(6, 6149, '192.168.7.192', 149, '三菱', 'M700L', 10, '299577-3020', 'ILW30M', '21', '1', 1),
(6, 6150, '192.168.7.193', 150, '三菱', 'M700L', 10, '299577-3020', 'ILW30M', '21', '2', 1),
(6, 6151, '192.168.7.195', 151, '三菱', 'M700L', 10, '299577-3020', 'ILW30M', '22', '1', 1),
(6, 6152, '192.168.7.196', 152, '三菱', 'M700L', 10, '299577-3020', 'ILW30M', '22', '2', 1),
(6, 6153, '192.168.7.198', 153, '三菱', 'M700L', 10, '299577-3020', 'ILW30M', '23', '1', 1),
(6, 6154, '192.168.7.199', 154, '三菱', 'M700L', 10, '299577-3020', 'ILW30M', '23', '2', 1),
(6, 6155, '192.168.7.201', 155, '三菱', 'M700L', 10, '299577-3020', 'ILW30M', '24', '1', 1),
(6, 6156, '192.168.7.202', 156, '三菱', 'M700L', 10, '299577-3020', 'ILW30M', '24', '2', 1),
(6, 6157, '192.168.7.204', 157, '三菱', 'M700L', 10, '299577-3020', 'ILW30M', '25', '1', 1),
(6, 6158, '192.168.7.205', 158, '三菱', 'M700L', 10, '299577-3020', 'ILW30M', '25', '2', 1),
(6, 6163, '192.168.7.215', 163, '三菱', 'M70L', 10, '299577-3020', 'XW30', '37', '1', 0),
(6, 6164, '192.168.7.216', 164, '三菱', 'M70L', 10, '299577-3020', 'XW30', '37', '2', 0),
(6, 6165, '192.168.7.217', 165, '三菱', 'M70L', 10, '299577-3020', 'XW30', '38', '1', 1),
(6, 6166, '192.168.7.218', 166, '三菱', 'M70L', 10, '299577-3020', 'XW30', '38', '2', 1),
(6, 6501, '192.168.7.219', 501, '三菱', 'FX3U', 40, '299563-3020', 'パレタイ', '14', '40', 1),
(6, 6502, '192.168.7.221', 502, '三菱', 'FX3U', 40, '299563-3020', 'パレタイ', '16', '40', 1),
(6, 6503, '192.168.7.222', 503, '三菱', 'FX3U', 40, '299563-3020', 'パレタイ', '17', '40', 1),
(6, 6504, '192.168.7.223', 504, '三菱', 'FX3U', 40, '299563-3020', 'パレタイ', '18', '40', 1),
(6, 6505, '192.168.7.224', 505, '三菱', 'FX3U', 40, '299563-3020', 'パレタイ', '19', '40', 1),
(6, 6506, '192.168.7.225', 506, '三菱', 'FX3U', 40, '299563-3020', 'パレタイ', '20', '40', 1),
(6, 6507, '192.168.7.226', 507, '三菱', 'FX3U', 40, '299563-3020', 'パレタイ', '21', '40', 1),
(6, 6508, '192.168.7.227', 508, '三菱', 'FX3U', 40, '299563-3020', 'パレタイ', '22', '40', 0),
(6, 6509, '192.168.7.228', 509, '三菱', 'FX3U', 40, '299563-3020', 'パレタイ', '23', '40', 1),
(6, 6510, '192.168.7.230', 510, '三菱', 'FX3U', 40, '299563-3020', 'パレタイ', '25', '40', 1),
(6, 6511, '192.168.7.231', 511, '三菱', 'FX3U', 40, '299563-3020', 'パレタイ', '26', '40', 1),
(6, 6512, '192.168.7.232', 512, '三菱', 'FX3U', 40, '299563-3020', 'パレタイ', '27', '40', 1),
(6, 6513, '192.168.7.233', 513, '三菱', 'FX3U', 40, '299563-3020', 'パレタイ', '28', '40', 1),
(6, 6514, '192.168.7.234', 514, '三菱', 'FX3U', 40, '299563-3020', 'パレタイ', '29', '40', 1),
(6, 6515, '192.168.7.235', 515, '三菱', 'FX3U', 40, '299563-3020', 'パレタイ', '30', '40', 1),
(6, 6516, '192.168.7.101', 516, '三菱', 'FX3U', 40, '299577-3020', 'パレタイ', '13', '40', 1),
(6, 6517, '192.168.7.237', 517, '三菱', 'FX3U', 40, '299577-3020', 'パレタイ', '14', '40', 0),
(6, 6518, '192.168.7.239', 518, '三菱', 'FX3U', 40, '299577-3020', 'パレタイ', '16', '40', 1),
(6, 6519, '192.168.7.240', 519, '三菱', 'FX3U', 40, '299577-3020', 'パレタイ', '17', '40', 1),
(6, 6520, '192.168.7.241', 520, '三菱', 'FX3U', 40, '299577-3020', 'パレタイ', '18', '40', 1),
(6, 6521, '192.168.7.243', 521, '三菱', 'FX3U', 40, '299577-3020', 'パレタイ', '20', '40', 1),
(6, 6522, '192.168.7.244', 522, '三菱', 'FX3U', 40, '299577-3020', 'パレタイ', '21', '40', 1),
(6, 6523, '192.168.7.245', 523, '三菱', 'FX3U', 40, '299577-3020', 'パレタイ', '22', '40', 1),
(6, 6524, '192.168.7.246', 524, '三菱', 'FX3U', 40, '299577-3020', 'パレタイ', '23', '40', 1),
(6, 6525, '192.168.7.247', 525, '三菱', 'FX3U', 40, '299577-3020', 'パレタイ', '24', '40', 1),
(6, 6526, '192.168.7.248', 526, '三菱', 'FX3U', 40, '299577-3020', 'パレタイ', '25', '40', 1),
(6, 6527, '192.168.7.250', 527, '三菱', 'FX3U', 40, '299577-3020', 'パレタイ', '27', '40', 1),
(6, 6528, '192.168.7.251', 528, '三菱', 'FX3U', 40, '299577-3020', 'パレタイ', '28', '40', 1),
(6, 6529, '192.168.7.102', 529, '三菱', 'FX3U', 40, '299563-3020', 'パレタイ', '36', '40', 1),
(6, 6530, '192.168.7.103', 530, '三菱', 'FX3U', 40, '299563-3020', 'パレタイ', '37', '40', 1),
(6, 6531, '192.168.7.104', 531, '三菱', 'FX3U', 40, '299563-3020', 'パレタイ', '38', '40', 0),
(6, 6532, '192.168.7.105', 532, '三菱', 'FX3U', 40, '299577-3020', 'パレタイ', '38', '40', 1),
(6, 6533, '192.168.7.106', 533, '三菱', 'FX3U', 40, '299577-3020', 'パレタイ', '37', '40', 1);

-- --------------------------------------------------------

--
-- テーブルの構造 `factories`
--

CREATE TABLE `factories` (
  `factory_type` tinyint(4) DEFAULT NULL,
  `factory_name` varchar(30) DEFAULT NULL
) ENGINE=InnoDB DEFAULT CHARSET=utf8 COLLATE=utf8_unicode_ci;

--
-- テーブルのデータのダンプ `factories`
--

INSERT INTO `factories` (`factory_type`, `factory_name`) VALUES
(1, 'Jupiter'),
(2, 'Mercury'),
(3, 'IC'),
(4, 'Tierra'),
(5, 'Saturn'),
(6, 'Luna');

-- --------------------------------------------------------

--
-- テーブルの構造 `logs`
--

CREATE TABLE `logs` (
  `id` int(11) NOT NULL,
  `ip_address` varchar(20) NOT NULL,
  `action` varchar(200) NOT NULL,
  `created_at` timestamp NOT NULL DEFAULT current_timestamp(),
  `user_name` varchar(11) DEFAULT NULL COMMENT 'Mã số nhân viên'
) ENGINE=InnoDB DEFAULT CHARSET=utf8 COLLATE=utf8_unicode_ci;

--
-- テーブルのデータのダンプ `logs`
--

INSERT INTO `logs` (`id`, `ip_address`, `action`, `created_at`, `user_name`) VALUES
(1, '::1', 'Đăng ký bộ phận mới: System - ', '2025-09-04 03:43:56', 'kuwa'),
(2, '::1', 'Đăng ký bộ phận mới: IFS - ', '2025-09-04 03:47:30', 'kuwa'),
(3, '::1', 'Tạo mới role: leader - ', '2025-09-05 02:54:56', 'kuwa'),
(4, '::1', 'Cập nhật role ID: 1 → admin', '2025-09-09 05:56:47', 'kuwa'),
(5, '::1', 'Cập nhật user ID: 3', '2025-09-09 06:10:44', 'kuwa'),
(6, '::1', 'Cập nhật user ID: 4', '2025-09-09 07:26:00', 'kuwa'),
(7, '::1', 'Tạo mới role: staff - ', '2025-09-09 07:27:05', 'kuwa'),
(8, '::1', 'Cập nhật user ID: 4', '2025-09-09 07:27:22', 'kuwa');

-- --------------------------------------------------------

--
-- テーブルの構造 `machine_status_history`
--

CREATE TABLE `machine_status_history` (
  `ID` int(11) NOT NULL,
  `factory_type` int(11) NOT NULL,
  `machine_no` int(11) NOT NULL,
  `machine_type` int(11) NOT NULL,
  `status` int(11) NOT NULL,
  `production` int(11) NOT NULL,
  `CT` decimal(8,2) NOT NULL,
  `X` int(11) NOT NULL,
  `Y` int(11) NOT NULL,
  `updated_at` datetime NOT NULL
) ENGINE=InnoDB DEFAULT CHARSET=utf8 COLLATE=utf8_unicode_ci;

--
-- テーブルのデータのダンプ `machine_status_history`
--

INSERT INTO `machine_status_history` (`ID`, `factory_type`, `machine_no`, `machine_type`, `status`, `production`, `CT`, `X`, `Y`, `updated_at`) VALUES
(1, 2, 2201, 10, 1, 424, 13.00, 1145, 1465, '2025-11-12 08:11:09'),
(2, 2, 2202, 10, 1, 1155, 13.00, 1110, 1585, '2025-11-12 08:11:19'),
(3, 2, 2203, 10, 1, 131, 13.00, 1075, 1705, '2025-11-12 08:11:29'),
(4, 2, 2204, 10, 1, 97, 13.00, 1040, 1825, '2025-11-12 08:11:39'),
(5, 2, 2206, 10, 1, 676, 13.00, 795, 1460, '2025-11-12 08:11:49'),
(6, 2, 2207, 10, 1, 1972, 13.00, 760, 1580, '2025-11-12 08:11:58'),
(7, 2, 2208, 10, 1, 1368, 13.00, 725, 1700, '2025-11-12 08:12:08'),
(8, 2, 2209, 10, 1, 240, 13.00, 690, 1820, '2025-11-12 08:12:18'),
(9, 2, 2211, 10, 1, 268, 13.00, 425, 1460, '2025-11-12 08:12:28'),
(10, 2, 2212, 10, 1, 924, 13.00, 390, 1580, '2025-11-12 08:12:37'),
(11, 2, 2213, 10, 1, 1142, 13.00, 355, 1700, '2025-11-12 08:12:47'),
(12, 2, 2214, 10, 1, 1375, 13.00, 320, 1820, '2025-11-12 08:12:56'),
(13, 2, 2216, 10, 1, 1855, 13.00, 1490, 1475, '2025-11-12 08:13:06'),
(14, 2, 2217, 10, 1, 863, 13.00, 1455, 1595, '2025-11-12 08:13:15'),
(15, 2, 2218, 10, 1, 1704, 13.00, 1420, 1715, '2025-11-12 08:13:25'),
(16, 2, 2221, 10, 1, 603, 13.00, 1815, 1475, '2025-11-12 08:13:30'),
(17, 2, 2222, 10, 1, 119, 13.00, 1780, 1595, '2025-11-12 08:13:34'),
(18, 2, 2223, 10, 1, 842, 13.00, 1745, 1715, '2025-11-12 08:13:37'),
(19, 2, 2226, 10, 1, 918, 13.00, 2160, 1475, '2025-11-12 08:13:40'),
(20, 2, 2227, 10, 1, 1876, 13.00, 2125, 1595, '2025-11-12 08:13:43'),
(21, 2, 2228, 10, 1, 1376, 13.00, 2095, 1715, '2025-11-12 08:13:46'),
(22, 2, 2231, 10, 0, 1253, 13.00, 2525, 1475, '2025-09-10 09:56:36'),
(23, 2, 2232, 10, 0, 1427, 13.00, 2490, 1595, '2025-09-10 09:56:36'),
(24, 2, 2233, 10, 0, 1832, 13.00, 2455, 1715, '2025-09-10 10:00:01'),
(25, 2, 2235, 10, 1, 1967, 13.00, 2005, 1120, '2025-09-10 10:00:01'),
(26, 2, 2236, 10, 1, 867, 13.00, 2165, 1120, '2025-11-12 08:13:53'),
(27, 2, 2238, 10, 1, 787, 13.00, 610, 1120, '2025-09-10 10:00:01'),
(28, 2, 2239, 10, 1, 1141, 13.00, 770, 1120, '2025-09-10 10:00:01'),
(29, 2, 2241, 10, 1, 593, 13.00, 1320, 1120, '2025-11-12 08:13:57'),
(30, 2, 2242, 10, 1, 1012, 13.00, 1480, 1120, '2025-11-12 08:14:00'),
(31, 2, 2244, 10, 1, 1895, 13.00, 2655, 1120, '2025-11-12 08:14:30'),
(32, 2, 2245, 10, 1, 884, 13.00, 2815, 1120, '2025-11-12 08:14:30'),
(33, 2, 2247, 10, 1, 1744, 13.00, 780, 570, '2025-11-12 08:14:03'),
(34, 2, 2248, 10, 1, 1179, 13.00, 940, 570, '2025-11-12 08:14:07'),
(35, 2, 2250, 10, 0, 711, 13.00, 1420, 570, '2025-11-12 08:14:30'),
(36, 2, 2251, 10, 0, 890, 13.00, 1595, 570, '2025-11-12 08:14:30'),
(37, 2, 2253, 10, 0, 512, 13.00, 2120, 570, '2025-11-12 08:14:31'),
(38, 2, 2254, 10, 0, 1715, 13.00, 2295, 570, '2025-11-12 08:14:31'),
(39, 2, 2256, 10, 0, 1970, 13.00, 2825, 570, '2025-11-12 08:14:31'),
(40, 2, 2257, 10, 0, 1993, 13.00, 3000, 570, '2025-11-12 08:14:31'),
(41, 2, 2259, 10, 1, 135, 13.00, 690, 850, '2025-11-12 08:14:10'),
(42, 2, 2260, 10, 1, 643, 13.00, 850, 850, '2025-11-12 08:14:13'),
(43, 2, 2262, 10, 1, 992, 13.00, 1390, 850, '2025-11-12 08:14:18'),
(44, 2, 2263, 10, 1, 1072, 13.00, 1550, 850, '2025-11-12 08:14:21'),
(45, 2, 2265, 10, 1, 1437, 13.00, 2090, 850, '2025-11-12 08:14:24'),
(46, 2, 2266, 10, 1, 1655, 13.00, 2250, 850, '2025-11-12 08:14:27'),
(47, 2, 2501, 40, 1, 49, 13.00, 3315, 1020, '2025-11-12 08:14:27'),
(48, 2, 2502, 40, 1, 62, 13.00, 3150, 930, '2025-11-12 08:14:28'),
(49, 2, 2503, 40, 1, 58, 13.00, 2980, 835, '2025-11-12 08:14:28'),
(50, 2, 2504, 40, 1, 37, 13.00, 2730, 790, '2025-11-12 08:14:28'),
(51, 2, 2505, 40, 1, 48, 13.00, 2560, 695, '2025-11-12 08:14:28'),
(52, 2, 2506, 40, 1, 87, 13.00, 2395, 595, '2025-11-12 08:14:28'),
(53, 2, 2507, 40, 0, 530, 13.00, 2235, 500, '2025-09-10 10:09:41'),
(54, 2, 2508, 40, 1, 150, 10.00, 2520, 1355, '2025-11-12 08:14:28'),
(55, 2, 2509, 40, 1, 149, 10.00, 1915, 1000, '2025-11-12 08:14:29'),
(56, 2, 2510, 40, 1, 26, 10.00, 2220, 1175, '2025-11-12 08:14:29'),
(57, 2, 2512, 40, 1, 5819, 13.00, 2100, 1635, '2025-11-12 08:14:29'),
(58, 2, 2516, 40, 1, 74, 13.00, 2290, 1520, '2025-11-12 08:14:29'),
(59, 2, 2517, 40, 1, 70, 13.00, 2005, 1290, '2025-11-12 08:14:29'),
(60, 2, 2518, 40, 1, 120, 13.00, 1705, 1115, '2025-11-12 08:14:30'),
(61, 2, 2519, 40, 1, 110, 13.00, 1545, 760, '2025-11-12 08:14:30'),
(62, 2, 2520, 40, 0, 0, 13.00, 1820, 1380, '2025-11-12 08:14:30'),
(63, 2, 2521, 40, 0, 0, 13.00, 1515, 1195, '2025-11-12 08:14:31'),
(64, 2, 2522, 40, 0, 0, 13.00, 1175, 1000, '2025-11-12 08:14:31'),
(65, 4, 4101, 10, 0, 541, 13.00, 1940, 250, '2025-08-28 09:38:57'),
(66, 4, 4102, 10, 1, 21, 13.00, 2340, 450, '2025-08-28 09:38:57'),
(67, 4, 4103, 10, 0, 1542, 13.00, 1300, 460, '2025-08-28 09:38:57'),
(68, 4, 4104, 10, 0, 1102, 13.00, 265, 1165, '2025-08-28 09:38:57'),
(69, 4, 4105, 10, 1, 1049, 13.00, 360, 1100, '2025-10-03 17:44:57'),
(70, 4, 4106, 10, 1, 26, 13.00, 1500, 750, '2025-10-03 17:44:58'),
(71, 4, 4107, 10, 1, 1061, 13.00, 1630, 815, '2025-10-03 17:44:59'),
(72, 4, 4108, 10, 0, 1918, 13.00, 1085, 1110, '2025-10-03 17:45:00'),
(73, 4, 4109, 10, 0, 889, 13.00, 1175, 1165, '2025-08-28 09:38:57'),
(74, 4, 4110, 10, 0, 1634, 13.00, 1385, 900, '2025-08-28 09:38:57'),
(75, 4, 4111, 10, 1, 1031, 13.00, 1475, 960, '2025-08-28 09:38:57'),
(76, 4, 4112, 10, 1, 884, 13.00, 1340, 1090, '2025-08-28 09:38:57'),
(77, 4, 4113, 10, 0, 1527, 13.00, 1205, 1020, '2025-08-28 09:38:57'),
(78, 4, 4114, 10, 1, 1048, 13.00, 935, 710, '2025-08-28 09:38:57'),
(79, 4, 4115, 10, 1, 169, 13.00, 1030, 650, '2025-08-28 09:38:57'),
(80, 4, 4116, 10, 1, 1797, 13.00, 1025, 1315, '2025-08-28 09:38:57'),
(81, 4, 4117, 10, 1, 604, 13.00, 895, 1245, '2025-08-28 09:38:57'),
(82, 4, 4118, 10, 1, 1308, 13.00, 615, 930, '2025-10-03 17:45:05'),
(83, 4, 4119, 10, 1, 1406, 13.00, 705, 875, '2025-10-03 17:45:06'),
(84, 4, 4120, 10, 1, 942, 13.00, 1775, 675, '2025-10-03 17:45:07'),
(85, 4, 4121, 10, 1, 1253, 13.00, 1685, 620, '2025-10-03 17:45:08'),
(86, 4, 4122, 10, 0, 1322, 13.00, 2430, 1350, '2025-08-28 09:38:57'),
(87, 4, 4123, 10, 1, 1837, 13.00, 1830, 1290, '2025-08-28 09:38:57'),
(88, 4, 4124, 10, 1, 992, 13.00, 1950, 1370, '2025-08-28 09:38:57'),
(89, 4, 4125, 10, 1, 316, 13.00, 2255, 1520, '2025-08-28 09:38:57'),
(90, 4, 4126, 10, 0, 1088, 13.00, 2120, 1200, '2025-08-28 09:38:57'),
(91, 4, 4127, 10, 0, 1830, 13.00, 1765, 1645, '2025-08-28 09:38:57'),
(92, 4, 4128, 10, 0, 972, 13.00, 1680, 1580, '2025-08-28 09:38:57'),
(93, 4, 4129, 10, 1, 1995, 13.00, 1105, 1645, '2025-08-28 09:38:57'),
(94, 4, 4130, 10, 1, 1158, 13.00, 1225, 1570, '2025-08-28 09:38:57'),
(95, 4, 4131, 10, 0, 49, 13.00, 770, 1335, '2025-08-28 09:38:57'),
(96, 4, 4132, 10, 1, 510, 13.00, 860, 1390, '2025-08-28 09:38:57'),
(97, 4, 4133, 10, 0, 1246, 13.00, 710, 1535, '2025-08-28 09:38:57'),
(98, 4, 4134, 10, 0, 1089, 13.00, 580, 1465, '2025-08-28 09:38:57'),
(99, 4, 4135, 10, 1, 1474, 13.00, 1310, 1765, '2025-08-28 09:38:57'),
(100, 4, 4136, 10, 0, 206, 13.00, 1390, 1700, '2025-08-28 09:38:57'),
(101, 4, 4501, 40, 0, 654, 13.00, 1805, 245, '2025-08-28 09:38:57'),
(102, 4, 4502, 40, 1, 570, 13.00, 2445, 625, '2025-08-28 09:38:57'),
(103, 4, 4503, 40, 0, 949, 13.00, 1235, 595, '2025-08-28 09:38:57'),
(104, 4, 4504, 40, 1, 892, 13.00, 1600, 345, '2025-08-28 09:38:57'),
(105, 4, 4505, 40, 0, 406, 13.00, 2175, 640, '2025-08-28 09:38:57'),
(106, 4, 4506, 40, 0, 324, 13.00, 2125, 760, '2025-10-03 17:45:08'),
(107, 4, 4507, 40, 1, 1688, 13.00, 1545, 500, '2025-10-03 17:45:08'),
(108, 4, 4508, 40, 1, 1211, 13.00, 455, 1320, '2025-10-03 17:45:08'),
(109, 4, 4509, 40, 1, 445, 13.00, 1370, 790, '2025-08-28 09:38:57'),
(110, 4, 4510, 40, 0, 1284, 13.00, 1745, 1005, '2025-10-03 17:45:09'),
(111, 4, 4511, 40, 1, 2497, 13.00, 1305, 1365, '2025-10-03 17:45:09'),
(112, 4, 4512, 40, 0, 1491, 13.00, 1620, 1155, '2025-08-28 09:38:57'),
(113, 4, 4513, 40, 0, 2507, 13.00, 1455, 1275, '2025-10-03 17:45:09'),
(114, 4, 4514, 40, 0, 2470, 13.00, 1125, 855, '2025-10-03 17:45:09'),
(115, 4, 4515, 40, 0, 2321, 13.00, 1145, 1490, '2025-10-03 17:45:10'),
(116, 4, 4516, 40, 1, 2443, 13.00, 800, 1080, '2025-10-03 17:45:10'),
(117, 4, 4517, 40, 1, 1168, 13.00, 1925, 870, '2025-10-03 17:45:10'),
(118, 4, 4518, 40, 0, 1205, 13.00, 1615, 695, '2025-08-28 09:38:57'),
(119, 4, 4519, 40, 0, 611, 13.00, 2570, 1555, '2025-08-28 09:38:57'),
(120, 4, 4520, 40, 0, 1427, 13.00, 1700, 1360, '2025-10-03 17:45:10'),
(121, 4, 4521, 40, 0, 1317, 13.00, 2070, 1545, '2025-10-03 17:45:11'),
(122, 4, 4522, 40, 1, 1650, 13.00, 1940, 1645, '2025-08-28 09:38:57'),
(123, 4, 4523, 40, 1, 633, 13.00, 2305, 1830, '2025-08-28 09:38:57'),
(124, 4, 4524, 40, 1, 879, 13.00, 2405, 1695, '2025-10-03 17:45:11'),
(125, 4, 4525, 40, 0, 0, 13.00, 2260, 1405, '2025-10-03 14:34:31'),
(126, 4, 4526, 40, 0, 120, 13.00, 1905, 1805, '2025-10-03 17:45:32'),
(127, 4, 4527, 40, 1, 1100, 13.00, 1595, 1700, '2025-10-03 17:45:32'),
(128, 4, 4528, 40, 0, 2265, 13.00, 1030, 1800, '2025-10-03 17:45:32'),
(129, 4, 4529, 40, 0, 2282, 13.00, 990, 1590, '2025-10-03 17:45:33'),
(130, 4, 4530, 40, 1, 2462, 13.00, 820, 1715, '2025-10-03 17:45:33'),
(131, 4, 4531, 40, 0, 2426, 13.00, 1270, 1950, '2025-10-03 17:45:33'),
(132, 4, 4532, 40, 1, 130, 13.00, 1920, 1970, '2025-10-03 17:45:33'),
(133, 4, 4533, 40, 0, 1032, 13.00, 3460, 1095, '2025-08-28 09:38:57'),
(134, 4, 4534, 40, 1, 519, 13.00, 3200, 895, '2025-08-28 09:38:57'),
(135, 6, 6103, 10, 1, 576, 13.00, 2000, 1550, '2025-10-03 17:45:34'),
(136, 6, 6104, 10, 1, 279, 13.00, 2100, 1480, '2025-10-03 17:45:35'),
(137, 6, 6105, 10, 1, 127, 13.00, 1930, 1230, '2025-10-03 17:45:36'),
(138, 6, 6106, 10, 1, 1911, 13.00, 2020, 1170, '2025-10-03 17:45:36'),
(139, 6, 6107, 10, 1, 1156, 13.00, 1710, 1380, '2025-10-03 17:45:37'),
(140, 6, 6108, 10, 1, 761, 13.00, 1790, 1320, '2025-10-03 17:45:38'),
(141, 6, 6109, 10, 1, 55, 13.00, 1648, 1086, '2025-10-03 17:45:39'),
(142, 6, 6110, 10, 1, 202, 13.00, 1729, 1022, '2025-10-03 17:45:40'),
(143, 6, 6111, 10, 1, 1343, 13.00, 1418, 1238, '2025-10-03 17:45:41'),
(144, 6, 6112, 10, 1, 1692, 13.00, 1502, 1176, '2025-10-03 17:45:41'),
(145, 6, 6113, 10, 1, 62, 13.00, 1353, 938, '2025-10-03 17:45:42'),
(146, 6, 6114, 10, 1, 1958, 13.00, 1440, 880, '2025-10-03 17:45:42'),
(147, 6, 6115, 10, 1, 632, 13.00, 1125, 1090, '2025-10-03 17:45:43'),
(148, 6, 6116, 10, 1, 391, 13.00, 1215, 1030, '2025-10-03 17:45:44'),
(149, 6, 6117, 10, 1, 1753, 13.00, 900, 1245, '2025-10-03 17:45:44'),
(150, 6, 6118, 10, 1, 1781, 13.00, 985, 1185, '2025-10-03 17:45:45'),
(151, 6, 6119, 10, 1, 62, 13.00, 665, 1405, '2025-10-03 17:45:46'),
(152, 6, 6120, 10, 1, 1159, 13.00, 755, 1340, '2025-10-03 17:45:47'),
(153, 6, 6121, 10, 1, 1463, 13.00, 1185, 1395, '2025-10-03 17:45:47'),
(154, 6, 6122, 10, 1, 1362, 13.00, 1275, 1335, '2025-10-03 17:45:48'),
(155, 6, 6123, 10, 1, 708, 13.00, 955, 1550, '2025-10-03 17:45:48'),
(156, 6, 6124, 10, 1, 1190, 13.00, 1045, 1490, '2025-10-03 17:45:49'),
(157, 6, 6125, 10, 1, 238, 13.00, 1480, 1540, '2025-10-03 17:45:50'),
(158, 6, 6126, 10, 1, 1820, 13.00, 1565, 1480, '2025-10-03 17:45:50'),
(159, 6, 6127, 10, 1, 418, 13.00, 1245, 1700, '2025-10-03 17:45:51'),
(160, 6, 6128, 10, 1, 1575, 13.00, 1340, 1635, '2025-10-03 17:45:52'),
(161, 6, 6129, 10, 1, 163, 13.00, 1770, 1690, '2025-10-03 17:45:52'),
(162, 6, 6130, 10, 1, 925, 13.00, 1860, 1630, '2025-10-03 17:45:53'),
(163, 6, 6131, 10, 1, 98, 13.00, 1540, 1850, '2025-10-03 17:45:54'),
(164, 6, 6132, 10, 1, 1556, 13.00, 1635, 1785, '2025-10-03 17:45:55'),
(165, 6, 6133, 10, 1, 678, 13.00, 395, 1265, '2025-10-03 17:45:56'),
(166, 6, 6134, 10, 1, 874, 13.00, 480, 1205, '2025-10-03 17:45:56'),
(167, 6, 6135, 10, 1, 498, 13.00, 620, 1110, '2025-10-03 17:45:57'),
(168, 6, 6136, 10, 1, 1608, 13.00, 710, 1050, '2025-10-03 17:45:58'),
(169, 6, 6139, 10, 1, 58, 13.00, 1935, 560, '2025-10-03 17:45:59'),
(170, 6, 6140, 10, 1, 649, 13.00, 2035, 485, '2025-10-03 17:46:01'),
(171, 6, 6141, 10, 1, 1809, 13.00, 3075, 1135, '2025-10-03 17:46:01'),
(172, 6, 6142, 10, 1, 525, 13.00, 3155, 1070, '2025-10-03 17:46:02'),
(173, 6, 6143, 10, 1, 1702, 13.00, 2810, 1000, '2025-10-03 17:46:02'),
(174, 6, 6144, 10, 0, 1607, 13.00, 2900, 940, '2025-08-28 09:38:57'),
(175, 6, 6145, 10, 0, 1209, 13.00, 3045, 845, '2025-08-28 09:38:57'),
(176, 6, 6146, 10, 1, 508, 13.00, 3130, 780, '2025-10-03 17:46:11'),
(177, 6, 6147, 10, 1, 775, 13.00, 2750, 690, '2025-10-03 17:46:12'),
(178, 6, 6148, 10, 1, 161, 13.00, 2840, 630, '2025-10-03 17:46:13'),
(179, 6, 6149, 10, 1, 92, 13.00, 2515, 850, '2025-10-03 17:46:14'),
(180, 6, 6150, 10, 1, 310, 13.00, 2605, 790, '2025-10-03 17:46:14'),
(181, 6, 6151, 10, 1, 1062, 13.00, 2460, 545, '2025-10-03 17:46:15'),
(182, 6, 6152, 10, 1, 1392, 13.00, 2550, 480, '2025-10-03 17:46:16'),
(183, 6, 6153, 10, 1, 874, 13.00, 2220, 705, '2025-10-03 17:46:17'),
(184, 6, 6154, 10, 1, 80, 13.00, 2310, 645, '2025-10-03 17:46:17'),
(185, 6, 6155, 10, 1, 1667, 13.00, 2165, 395, '2025-10-03 17:46:18'),
(186, 6, 6156, 10, 1, 944, 13.00, 2260, 335, '2025-10-03 17:46:19'),
(187, 6, 6157, 10, 1, 933, 13.00, 1705, 715, '2025-10-03 17:46:19'),
(188, 6, 6158, 10, 1, 1231, 13.00, 1800, 650, '2025-10-03 17:46:20'),
(189, 6, 6159, 10, 0, 995, 13.00, 1985, 855, '2025-08-28 09:38:57'),
(190, 6, 6160, 10, 0, 1821, 13.00, 2070, 795, '2025-08-28 09:38:57'),
(191, 6, 6161, 10, 1, 1637, 13.00, 2280, 1000, '2025-08-28 09:38:57'),
(192, 6, 6162, 10, 1, 705, 13.00, 2370, 935, '2025-08-28 09:38:57'),
(193, 6, 6163, 10, 1, 669, 13.00, 1080, 800, '2025-08-28 09:38:57'),
(194, 6, 6164, 10, 0, 364, 13.00, 1180, 730, '2025-08-28 09:38:57'),
(195, 6, 6165, 10, 1, 899, 13.00, 850, 945, '2025-10-03 17:46:21'),
(196, 6, 6166, 10, 1, 1798, 13.00, 940, 890, '2025-10-03 17:46:22'),
(197, 6, 6501, 40, 1, 1841, 10.00, 2435, 1530, '2025-10-03 17:46:22'),
(198, 6, 6502, 40, 0, 1526, 10.00, 2200, 1700, '2025-10-03 17:46:22'),
(199, 6, 6503, 40, 1, 2415, 10.00, 2130, 1390, '2025-10-03 17:46:22'),
(200, 6, 6504, 40, 1, 2309, 10.00, 1900, 1540, '2025-10-03 17:46:23'),
(201, 6, 6505, 40, 1, 2324, 10.00, 1830, 1225, '2025-10-03 17:46:23'),
(202, 6, 6506, 40, 0, 2367, 10.00, 1610, 1350, '2025-10-03 17:46:23'),
(203, 6, 6507, 40, 1, 6301, 10.00, 1540, 1050, '2025-10-02 08:56:24'),
(204, 6, 6508, 40, 1, 6113, 10.00, 1310, 1230, '2025-10-02 08:56:25'),
(205, 6, 6509, 40, 1, 2488, 10.00, 1090, 1390, '2025-10-03 17:46:44'),
(206, 6, 6510, 40, 1, 2362, 10.00, 860, 1530, '2025-10-03 17:46:45'),
(207, 6, 6511, 40, 0, 2413, 10.00, 1375, 1530, '2025-10-03 17:46:45'),
(208, 6, 6512, 40, 0, 2392, 10.00, 1145, 1700, '2025-10-03 17:46:45'),
(209, 6, 6513, 40, 1, 2414, 10.00, 1670, 1690, '2025-10-03 17:46:46'),
(210, 6, 6514, 40, 1, 2494, 10.00, 1440, 1840, '2025-10-03 17:46:46'),
(211, 6, 6515, 40, 0, 2415, 10.00, 1965, 1855, '2025-10-03 17:46:46'),
(212, 6, 6516, 40, 1, 1962, 13.00, 2120, 700, '2025-10-03 17:46:46'),
(213, 6, 6517, 40, 0, 717, 13.00, 3520, 1120, '2025-08-28 09:38:57'),
(214, 6, 6518, 40, 1, 2563, 13.00, 3270, 1270, '2025-10-03 17:46:47'),
(215, 6, 6519, 40, 0, 2582, 13.00, 2970, 1130, '2025-10-03 17:46:47'),
(216, 6, 6520, 40, 1, 2707, 13.00, 3230, 970, '2025-10-03 17:46:47'),
(217, 6, 6521, 40, 0, 2536, 13.00, 2940, 830, '2025-10-03 17:46:47'),
(218, 6, 6522, 40, 0, 2457, 13.00, 2700, 990, '2025-10-03 17:46:47'),
(219, 6, 6523, 40, 0, 2617, 13.00, 2640, 680, '2025-10-03 17:46:48'),
(220, 6, 6524, 40, 1, 2652, 13.00, 2400, 840, '2025-10-03 17:46:48'),
(221, 6, 6525, 40, 1, 2304, 13.00, 2350, 530, '2025-10-03 17:46:48'),
(222, 6, 6526, 40, 0, 2615, 13.00, 1870, 840, '2025-10-03 17:46:48'),
(223, 6, 6527, 40, 1, 2561, 13.00, 2160, 1005, '2025-10-03 17:46:49'),
(224, 6, 6528, 40, 1, 2698, 13.00, 2460, 1150, '2025-10-03 17:46:50'),
(225, 6, 6529, 40, 0, 2375, 13.00, 1730, 1995, '2025-10-03 17:46:50'),
(226, 6, 6530, 40, 0, 2471, 13.00, 570, 1420, '2025-10-03 17:46:50'),
(227, 6, 6531, 40, 1, 708, 13.00, 800, 1230, '2025-08-28 09:38:57'),
(228, 6, 6532, 40, 1, 2011, 13.00, 1035, 1080, '2025-10-03 17:46:50'),
(229, 6, 6533, 40, 1, 1978, 13.00, 1255, 930, '2025-10-03 17:46:51'),
(230, 1, 1101, 10, 1, 7, 1.00, 2660, 75, '2025-08-28 09:38:57'),
(231, 1, 1102, 10, 1, 1053, 1.00, 2515, 180, '2025-08-28 09:38:57'),
(232, 1, 1103, 10, 1, 1841, 1.00, 2080, 350, '2025-08-28 09:38:57'),
(233, 1, 1104, 10, 0, 1489, 1.00, 1945, 440, '2025-08-28 09:38:57'),
(234, 1, 1105, 10, 0, 1727, 1.00, 1805, 530, '2025-08-28 09:38:57'),
(235, 1, 1106, 10, 0, 1411, 1.00, 1675, 620, '2025-08-28 09:38:57'),
(236, 1, 1107, 10, 0, 1262, 1.00, 1550, 705, '2025-08-28 09:38:57'),
(237, 1, 1108, 10, 0, 1282, 1.00, 1430, 795, '2025-08-28 09:38:57'),
(238, 1, 1109, 10, 1, 1001, 1.00, 1285, 1015, '2025-08-28 09:38:57'),
(239, 1, 1110, 10, 1, 1480, 1.00, 1080, 1125, '2025-08-28 09:38:57'),
(240, 1, 1111, 10, 0, 1106, 1.00, 895, 1245, '2025-08-28 09:38:57'),
(241, 1, 1112, 10, 0, 1704, 1.00, 695, 1380, '2025-08-28 09:38:57'),
(242, 1, 1113, 10, 0, 411, 1.00, 400, 1485, '2025-08-28 09:38:57'),
(243, 1, 1114, 10, 1, 478, 1.00, 1070, 1950, '2025-08-28 09:38:57'),
(244, 1, 1115, 10, 0, 1384, 1.00, 1250, 1835, '2025-08-28 09:38:57'),
(245, 1, 1116, 10, 1, 1993, 1.00, 1415, 1725, '2025-08-28 09:38:57'),
(246, 1, 1117, 10, 0, 1403, 1.00, 1570, 1615, '2025-08-28 09:38:57'),
(247, 1, 1118, 10, 0, 718, 1.00, 1735, 1500, '2025-08-28 09:38:57'),
(248, 1, 1501, 40, 1, 1018, 1.00, 2840, 330, '2025-08-28 09:38:57'),
(249, 1, 1502, 40, 1, 887, 1.00, 2690, 425, '2025-08-28 09:38:57'),
(250, 1, 1503, 40, 0, 1686, 1.00, 2330, 585, '2025-08-28 09:38:57'),
(251, 1, 1504, 40, 1, 41, 1.00, 2200, 680, '2025-08-28 09:38:57'),
(252, 1, 1505, 40, 1, 1616, 1.00, 2070, 755, '2025-08-28 09:38:57'),
(253, 1, 1506, 40, 0, 318, 1.00, 1940, 850, '2025-08-28 09:38:57'),
(254, 1, 1507, 40, 1, 1507, 1.00, 1810, 930, '2025-08-28 09:38:57'),
(255, 1, 1508, 40, 0, 1757, 1.00, 1680, 1010, '2025-08-28 09:38:57'),
(256, 1, 1509, 40, 1, 1815, 1.00, 1390, 1230, '2025-08-28 09:38:57'),
(257, 1, 1510, 40, 0, 670, 1.00, 1230, 1350, '2025-08-28 09:38:57'),
(258, 1, 1511, 40, 0, 398, 1.00, 1005, 1490, '2025-08-28 09:38:57'),
(259, 1, 1512, 40, 1, 1540, 1.00, 780, 1600, '2025-08-28 09:38:57'),
(260, 1, 1513, 40, 1, 1661, 1.00, 515, 1795, '2025-08-28 09:38:57'),
(261, 1, 1514, 40, 1, 1698, 1.00, 1285, 2065, '2025-08-28 09:38:57'),
(262, 1, 1515, 40, 0, 1303, 1.00, 1465, 1950, '2025-08-28 09:38:57'),
(263, 1, 1516, 40, 1, 1484, 1.00, 1625, 1840, '2025-08-28 09:38:57'),
(264, 1, 1517, 40, 0, 458, 1.00, 1780, 1730, '2025-08-28 09:38:57'),
(265, 1, 1518, 40, 1, 1352, 1.00, 1940, 1615, '2025-08-28 09:38:57'),
(266, 5, 5101, 10, 1, 1564, 13.00, 345, 1605, '2025-08-28 09:38:57'),
(267, 5, 5102, 10, 1, 1553, 13.00, 410, 1555, '2025-08-28 09:38:57'),
(268, 5, 5103, 10, 0, 1422, 13.00, 570, 1715, '2025-08-28 09:38:57'),
(269, 5, 5104, 10, 1, 1034, 13.00, 635, 1665, '2025-08-28 09:38:57'),
(270, 5, 5105, 10, 1, 851, 13.00, 780, 1825, '2025-08-28 09:38:57'),
(271, 5, 5106, 10, 0, 861, 13.00, 845, 1775, '2025-08-28 09:38:57'),
(272, 5, 5111, 10, 1, 708, 13.00, 595, 1440, '2025-08-28 09:38:57'),
(273, 5, 5112, 10, 1, 1703, 13.00, 650, 1390, '2025-08-28 09:38:57'),
(274, 5, 5119, 10, 1, 1980, 13.00, 835, 1295, '2025-08-28 09:38:57'),
(275, 5, 5120, 10, 0, 288, 13.00, 890, 1245, '2025-08-28 09:38:57'),
(276, 5, 5121, 10, 0, 1665, 13.00, 1055, 1385, '2025-08-28 09:38:57'),
(277, 5, 5122, 10, 1, 1030, 13.00, 1110, 1335, '2025-08-28 09:38:57'),
(278, 5, 5123, 10, 0, 581, 13.00, 1260, 1495, '2025-08-28 09:38:57'),
(279, 5, 5124, 10, 1, 1768, 13.00, 1315, 1445, '2025-08-28 09:38:57'),
(280, 5, 5151, 10, 1, 358, 13.00, 2735, 75, '2025-08-28 09:38:57'),
(281, 5, 5152, 10, 0, 907, 13.00, 2160, 440, '2025-08-28 09:38:57'),
(282, 5, 5153, 10, 1, 2000, 13.00, 1915, 620, '2025-08-28 09:38:57'),
(283, 5, 5501, 40, 1, 1835, 13.00, 545, 1615, '2025-08-28 09:38:57'),
(284, 5, 5502, 40, 1, 861, 13.00, 770, 1715, '2025-08-28 09:38:57'),
(285, 5, 5503, 40, 0, 1843, 13.00, 975, 1830, '2025-08-28 09:38:57'),
(286, 5, 5504, 40, 1, 1259, 13.00, 1190, 1930, '2025-08-28 09:38:57'),
(287, 5, 5505, 40, 1, 1335, 13.00, 1385, 2030, '2025-08-28 09:38:57'),
(288, 5, 5506, 40, 1, 35, 13.00, 790, 1440, '2025-08-28 09:38:57'),
(289, 5, 5507, 40, 1, 667, 13.00, 1015, 1575, '2025-08-28 09:38:57'),
(290, 5, 5508, 40, 1, 356, 13.00, 1225, 1690, '2025-08-28 09:38:57'),
(291, 5, 5509, 40, 1, 762, 13.00, 1440, 1795, '2025-08-28 09:38:57'),
(292, 5, 5510, 40, 1, 1272, 13.00, 1010, 1295, '2025-08-28 09:38:57'),
(293, 5, 5511, 40, 0, 1305, 13.00, 1245, 1385, '2025-08-28 09:38:57'),
(294, 5, 5512, 40, 0, 1350, 13.00, 1460, 1495, '2025-08-28 09:38:57'),
(295, 5, 5513, 40, 0, 1909, 13.00, 1440, 765, '2025-08-28 09:38:57'),
(296, 5, 5514, 40, 1, 115, 13.00, 1750, 890, '2025-08-28 09:38:57'),
(297, 5, 5515, 40, 1, 1017, 13.00, 1305, 850, '2025-08-28 09:38:57'),
(298, 5, 5516, 40, 1, 279, 13.00, 1615, 980, '2025-08-28 09:38:57'),
(299, 5, 5517, 40, 1, 148, 13.00, 1175, 940, '2025-08-28 09:38:57'),
(300, 5, 5518, 40, 1, 310, 13.00, 1490, 1065, '2025-08-28 09:38:57'),
(301, 5, 5519, 40, 1, 558, 13.00, 1050, 1035, '2025-08-28 09:38:57'),
(302, 5, 5520, 40, 0, 1822, 13.00, 1360, 1160, '2025-08-28 09:38:57'),
(303, 5, 5521, 40, 0, 1588, 13.00, 920, 1125, '2025-08-28 09:38:57'),
(304, 5, 5522, 40, 1, 1765, 13.00, 1230, 1255, '2025-08-28 09:38:57'),
(305, 5, 5523, 40, 0, 1239, 13.00, 1690, 1590, '2025-08-28 09:38:57'),
(306, 5, 5524, 40, 1, 1661, 13.00, 1885, 1685, '2025-08-28 09:38:57'),
(307, 5, 5525, 40, 1, 404, 13.00, 1990, 1410, '2025-08-28 09:38:57'),
(308, 5, 5526, 40, 0, 740, 13.00, 2110, 1540, '2025-08-28 09:38:57'),
(309, 5, 5527, 40, 0, 423, 13.00, 1790, 1090, '2025-08-28 09:38:57'),
(310, 5, 5528, 40, 0, 1388, 13.00, 1705, 1155, '2025-08-28 09:38:57'),
(311, 5, 5529, 40, 1, 558, 13.00, 1615, 1215, '2025-08-28 09:38:57'),
(312, 5, 5530, 40, 0, 117, 13.00, 3050, 585, '2025-08-28 09:38:57'),
(313, 5, 5531, 40, 0, 1210, 13.00, 3365, 710, '2025-08-28 09:38:57'),
(314, 5, 5532, 40, 1, 1922, 13.00, 2920, 670, '2025-08-28 09:38:57'),
(315, 5, 5533, 40, 0, 1627, 13.00, 3230, 800, '2025-08-28 09:38:57'),
(316, 5, 5534, 40, 1, 1606, 13.00, 2790, 760, '2025-08-28 09:38:57'),
(317, 5, 5535, 40, 0, 1864, 13.00, 3105, 890, '2025-08-28 09:38:57'),
(318, 5, 5536, 40, 0, 969, 13.00, 2660, 855, '2025-08-28 09:38:57'),
(319, 5, 5537, 40, 0, 1638, 13.00, 2970, 990, '2025-08-28 09:38:57'),
(320, 5, 5538, 40, 1, 390, 13.00, 2885, 290, '2025-08-28 09:38:57'),
(321, 5, 5539, 40, 0, 678, 13.00, 2260, 740, '2025-08-28 09:38:57'),
(322, 5, 5540, 40, 0, 1370, 1.00, 2005, 900, '2025-08-28 09:38:57'),
(323, 4, 4137, 10, 0, 0, 13.00, 1690, 265, '0000-00-00 00:00:00'),
(324, 4, 4138, 10, 0, 0, 13.00, 1725, 285, '0000-00-00 00:00:00'),
(325, 4, 4139, 10, 0, 0, 13.00, 1760, 305, '0000-00-00 00:00:00'),
(326, 4, 4140, 10, 0, 0, 13.00, 1795, 325, '0000-00-00 00:00:00'),
(327, 4, 4141, 10, 0, 0, 13.00, 1975, 405, '0000-00-00 00:00:00'),
(328, 4, 4142, 10, 0, 0, 13.00, 2010, 425, '0000-00-00 00:00:00'),
(329, 4, 4143, 10, 0, 0, 13.00, 2045, 445, '0000-00-00 00:00:00'),
(330, 4, 4144, 10, 0, 0, 13.00, 2080, 465, '0000-00-00 00:00:00'),
(331, 4, 4145, 10, 0, 0, 13.00, 1650, 390, '0000-00-00 00:00:00'),
(332, 4, 4146, 10, 0, 0, 13.00, 1685, 410, '0000-00-00 00:00:00'),
(333, 4, 4147, 10, 0, 0, 13.00, 1720, 430, '0000-00-00 00:00:00'),
(334, 4, 4148, 10, 0, 0, 13.00, 1755, 450, '0000-00-00 00:00:00'),
(335, 4, 4149, 10, 0, 0, 13.00, 1930, 530, '0000-00-00 00:00:00'),
(336, 4, 4150, 10, 0, 0, 13.00, 1965, 550, '0000-00-00 00:00:00'),
(337, 4, 4151, 10, 0, 0, 13.00, 2000, 570, '0000-00-00 00:00:00'),
(338, 4, 4152, 10, 0, 0, 13.00, 2035, 590, '0000-00-00 00:00:00'),
(339, 4, 4153, 10, 0, 0, 13.00, 1735, 1415, '0000-00-00 00:00:00'),
(340, 4, 4154, 10, 0, 0, 13.00, 1770, 1435, '0000-00-00 00:00:00'),
(341, 4, 4155, 10, 0, 0, 13.00, 1805, 1455, '0000-00-00 00:00:00'),
(342, 4, 4156, 10, 0, 0, 13.00, 1840, 1475, '0000-00-00 00:00:00'),
(343, 4, 4157, 10, 0, 0, 13.00, 2110, 1605, '0000-00-00 00:00:00'),
(344, 4, 4158, 10, 0, 0, 13.00, 2145, 1625, '0000-00-00 00:00:00'),
(345, 4, 4159, 10, 0, 0, 13.00, 2180, 1645, '0000-00-00 00:00:00'),
(346, 4, 4160, 10, 0, 0, 13.00, 2215, 1665, '0000-00-00 00:00:00'),
(347, 4, 4161, 10, 0, 0, 13.00, 1635, 1970, '0000-00-00 00:00:00'),
(348, 4, 4162, 10, 0, 0, 13.00, 1750, 1890, '0000-00-00 00:00:00'),
(349, 4, 4163, 10, 0, 0, 13.00, 3340, 870, '0000-00-00 00:00:00'),
(350, 4, 4164, 10, 0, 0, 13.00, 3245, 940, '0000-00-00 00:00:00'),
(351, 4, 4165, 10, 0, 0, 13.00, 3415, 935, '0000-00-00 00:00:00'),
(352, 4, 4166, 10, 0, 0, 13.00, 3320, 1005, '0000-00-00 00:00:00');

-- --------------------------------------------------------

--
-- テーブルの構造 `maker_headdevice`
--

CREATE TABLE `maker_headdevice` (
  `factory_type` tinyint(4) NOT NULL,
  `maker` varchar(10) NOT NULL,
  `head_device_no` smallint(6) DEFAULT NULL,
  `read_points` tinyint(4) DEFAULT NULL,
  `data1` varchar(15) DEFAULT NULL,
  `data2` varchar(15) DEFAULT NULL,
  `data3` varchar(15) DEFAULT NULL,
  `data4` varchar(15) DEFAULT NULL,
  `data5` varchar(15) DEFAULT NULL,
  `data6` varchar(15) DEFAULT NULL,
  `data7` varchar(15) DEFAULT NULL,
  `data8` varchar(15) DEFAULT NULL
) ENGINE=InnoDB DEFAULT CHARSET=utf8 COLLATE=utf8_unicode_ci;

--
-- テーブルのデータのダンプ `maker_headdevice`
--

INSERT INTO `maker_headdevice` (`factory_type`, `maker`, `head_device_no`, `read_points`, `data1`, `data2`, `data3`, `data4`, `data5`, `data6`, `data7`, `data8`) VALUES
(2, 'キーエンス', 30091, 5, '生産数', '稼働時間', '停止時間', '停止/稼働', 'アンドン', NULL, NULL, NULL),
(2, '三菱', 1000, 5, '生産数', '稼働時間', '停止時間', '停止/稼働', 'アンドン', NULL, NULL, NULL),
(4, '三菱', 450, 8, '生産数', '稼働時間', '停止時間', '稼働/停止', 'パトライト赤', NULL, NULL, NULL),
(6, '三菱', 1000, 5, '生産数', '稼働時間', '停止時間', '停止/稼働', 'アンドン', NULL, NULL, NULL);

-- --------------------------------------------------------

--
-- テーブルの構造 `permissions`
--

CREATE TABLE `permissions` (
  `id` int(11) NOT NULL,
  `name` varchar(255) NOT NULL,
  `description` text DEFAULT NULL COMMENT 'Mô tả phân quyền'
) ENGINE=InnoDB DEFAULT CHARSET=utf8 COLLATE=utf8_unicode_ci;

--
-- テーブルのデータのダンプ `permissions`
--

INSERT INTO `permissions` (`id`, `name`, `description`) VALUES
(1, 'view_users', 'View user account details'),
(2, 'edit_users', 'Edit user accounts'),
(3, 'view_roles', 'View roles'),
(4, 'edit_roles', 'Edit roles'),
(5, 'view_departments', 'View departments'),
(6, 'edit_departments', 'Edit departments'),
(7, 'view_permissions', 'View permissions'),
(8, 'edit_permissions', 'Edit permissions'),
(9, 'view_positions', 'View positions'),
(10, 'edit_positions', 'Edit positions'),
(11, 'update_machine_schedule', 'Can update machine stopping schedule');

-- --------------------------------------------------------

--
-- テーブルの構造 `positions`
--

CREATE TABLE `positions` (
  `id` int(11) NOT NULL,
  `name` varchar(255) NOT NULL,
  `description` text DEFAULT NULL
) ENGINE=InnoDB DEFAULT CHARSET=utf8 COLLATE=utf8_unicode_ci;

--
-- テーブルのデータのダンプ `positions`
--

INSERT INTO `positions` (`id`, `name`, `description`) VALUES
(1, 'IFS - leader', NULL);

-- --------------------------------------------------------

--
-- テーブルの構造 `product_history`
--

CREATE TABLE `product_history` (
  `factory_type` tinyint(4) DEFAULT NULL,
  `machine_no` smallint(6) NOT NULL,
  `parts_no` varchar(20) DEFAULT NULL,
  `line_no` varchar(15) DEFAULT NULL,
  `production` int(11) DEFAULT NULL,
  `prod_date` date NOT NULL
) ENGINE=InnoDB DEFAULT CHARSET=utf8 COLLATE=utf8_unicode_ci;

--
-- テーブルのデータのダンプ `product_history`
--

INSERT INTO `product_history` (`factory_type`, `machine_no`, `parts_no`, `line_no`, `production`, `prod_date`) VALUES
(2, 2501, '079612-0930', '1', 5533, '2025-10-16'),
(2, 2501, '079612-0930', '1', 4143, '2025-10-17'),
(2, 2501, '079612-0930', '1', 5401, '2025-10-20'),
(2, 2501, '079612-0930', '1', 5541, '2025-10-21'),
(2, 2501, '079612-0930', '1', 5151, '2025-10-22'),
(2, 2501, '079612-0930', '1', 5437, '2025-10-23'),
(2, 2501, '079612-0930', '1', 4969, '2025-10-24'),
(2, 2501, '079612-0930', '1', 5405, '2025-10-27'),
(2, 2501, '079612-0930', '1', 5562, '2025-10-28'),
(2, 2501, '079612-0930', '1', 5673, '2025-10-29'),
(2, 2501, '079612-0930', '1', 5719, '2025-10-30'),
(2, 2501, '079612-0930', '1', 5364, '2025-10-31'),
(2, 2501, '079612-0930', '1', 2460, '2025-11-03'),
(2, 2501, '079612-0930', '1', 5456, '2025-11-04'),
(2, 2501, '079612-0930', '1', 5644, '2025-11-05'),
(2, 2501, '079612-0930', '1', 4620, '2025-11-06'),
(2, 2501, '079612-0930', '1', 3826, '2025-11-07'),
(2, 2501, '079612-0930', '1', 4781, '2025-11-10'),
(2, 2501, '079612-0930', '1', 5631, '2025-11-11'),
(2, 2502, '079612-0930', '2', 5862, '2025-10-16'),
(2, 2502, '079612-0930', '2', 4257, '2025-10-17'),
(2, 2502, '079612-0930', '2', 5074, '2025-10-20'),
(2, 2502, '079612-0930', '2', 5524, '2025-10-21'),
(2, 2502, '079612-0930', '2', 5583, '2025-10-22'),
(2, 2502, '079612-0930', '2', 5800, '2025-10-23'),
(2, 2502, '079612-0930', '2', 5333, '2025-10-24'),
(2, 2502, '079612-0930', '2', 5339, '2025-10-27'),
(2, 2502, '079612-0930', '2', 5715, '2025-10-28'),
(2, 2502, '079612-0930', '2', 5766, '2025-10-29'),
(2, 2502, '079612-0930', '2', 5823, '2025-10-30'),
(2, 2502, '079612-0930', '2', 5747, '2025-10-31'),
(2, 2502, '079612-0930', '2', 5537, '2025-11-03'),
(2, 2502, '079612-0930', '2', 5887, '2025-11-04'),
(2, 2502, '079612-0930', '2', 5703, '2025-11-05'),
(2, 2502, '079612-0930', '2', 4830, '2025-11-06'),
(2, 2502, '079612-0930', '2', 3858, '2025-11-07'),
(2, 2502, '079612-0930', '2', 5356, '2025-11-10'),
(2, 2502, '079612-0930', '2', 5815, '2025-11-11'),
(2, 2503, '079612-0930', '3', 5661, '2025-10-16'),
(2, 2503, '079612-0930', '3', 4203, '2025-10-17'),
(2, 2503, '079612-0930', '3', 5283, '2025-10-20'),
(2, 2503, '079612-0930', '3', 5406, '2025-10-21'),
(2, 2503, '079612-0930', '3', 5732, '2025-10-22'),
(2, 2503, '079612-0930', '3', 5633, '2025-10-23'),
(2, 2503, '079612-0930', '3', 4773, '2025-10-24'),
(2, 2503, '079612-0930', '3', 5524, '2025-10-27'),
(2, 2503, '079612-0930', '3', 5718, '2025-10-28'),
(2, 2503, '079612-0930', '3', 5616, '2025-10-29'),
(2, 2503, '079612-0930', '3', 5686, '2025-10-30'),
(2, 2503, '079612-0930', '3', 5596, '2025-10-31'),
(2, 2503, '079612-0930', '3', 5229, '2025-11-03'),
(2, 2503, '079612-0930', '3', 5649, '2025-11-04'),
(2, 2503, '079612-0930', '3', 5525, '2025-11-05'),
(2, 2503, '079612-0930', '3', 4726, '2025-11-06'),
(2, 2503, '079612-0930', '3', 3837, '2025-11-07'),
(2, 2503, '079612-0930', '3', 5566, '2025-11-10'),
(2, 2503, '079612-0930', '3', 5721, '2025-11-11'),
(2, 2504, '079634-0270', '1', 4082, '2025-10-16'),
(2, 2504, '079634-0270', '1', 4117, '2025-10-17'),
(2, 2504, '079634-0270', '1', 5796, '2025-10-20'),
(2, 2504, '079634-0270', '1', 5439, '2025-10-21'),
(2, 2504, '079634-0270', '1', 5939, '2025-10-22'),
(2, 2504, '079634-0270', '1', 5603, '2025-10-23'),
(2, 2504, '079634-0270', '1', 5696, '2025-10-24'),
(2, 2504, '079634-0270', '1', 3359, '2025-10-27'),
(2, 2504, '079634-0270', '1', 5276, '2025-10-28'),
(2, 2504, '079634-0270', '1', 5146, '2025-10-29'),
(2, 2504, '079634-0270', '1', 5077, '2025-10-30'),
(2, 2504, '079634-0270', '1', 5042, '2025-10-31'),
(2, 2504, '079634-0270', '1', 5497, '2025-11-03'),
(2, 2504, '079634-0270', '1', 5006, '2025-11-04'),
(2, 2504, '079634-0270', '1', 5692, '2025-11-05'),
(2, 2504, '079634-0270', '1', 5799, '2025-11-06'),
(2, 2504, '079634-0270', '1', 5877, '2025-11-07'),
(2, 2504, '079634-0270', '1', 4942, '2025-11-10'),
(2, 2505, '079634-0270', '2', 3975, '2025-10-16'),
(2, 2505, '079634-0270', '2', 4017, '2025-10-17'),
(2, 2505, '079634-0270', '2', 5575, '2025-10-20'),
(2, 2505, '079634-0270', '2', 5682, '2025-10-21'),
(2, 2505, '079634-0270', '2', 5168, '2025-10-22'),
(2, 2505, '079634-0270', '2', 5791, '2025-10-23'),
(2, 2505, '079634-0270', '2', 5645, '2025-10-24'),
(2, 2505, '079634-0270', '2', 3245, '2025-10-27'),
(2, 2505, '079634-0270', '2', 5717, '2025-10-28'),
(2, 2505, '079634-0270', '2', 6020, '2025-10-29'),
(2, 2505, '079634-0270', '2', 5274, '2025-10-30'),
(2, 2505, '079634-0270', '2', 5391, '2025-10-31'),
(2, 2505, '079634-0270', '2', 5599, '2025-11-03'),
(2, 2505, '079634-0270', '2', 5684, '2025-11-04'),
(2, 2505, '079634-0270', '2', 5791, '2025-11-05'),
(2, 2505, '079634-0270', '2', 5707, '2025-11-06'),
(2, 2505, '079634-0270', '2', 5711, '2025-11-07'),
(2, 2505, '079634-0270', '2', 5608, '2025-11-10'),
(2, 2505, '079634-0270', '2', 3525, '2025-11-11'),
(2, 2506, '079634-0270', '3', 3889, '2025-10-16'),
(2, 2506, '079634-0270', '3', 3867, '2025-10-17'),
(2, 2506, '079634-0270', '3', 5194, '2025-10-20'),
(2, 2506, '079634-0270', '3', 5752, '2025-10-21'),
(2, 2506, '079634-0270', '3', 5736, '2025-10-22'),
(2, 2506, '079634-0270', '3', 5698, '2025-10-23'),
(2, 2506, '079634-0270', '3', 5350, '2025-10-24'),
(2, 2506, '079634-0270', '3', 3037, '2025-10-27'),
(2, 2506, '079634-0270', '3', 5597, '2025-10-28'),
(2, 2506, '079634-0270', '3', 5775, '2025-10-29'),
(2, 2506, '079634-0270', '3', 5294, '2025-10-30'),
(2, 2506, '079634-0270', '3', 4966, '2025-10-31'),
(2, 2506, '079634-0270', '3', 4168, '2025-11-03'),
(2, 2506, '079634-0270', '3', 5653, '2025-11-04'),
(2, 2506, '079634-0270', '3', 4298, '2025-11-05'),
(2, 2506, '079634-0270', '3', 5590, '2025-11-06'),
(2, 2506, '079634-0270', '3', 5539, '2025-11-07'),
(2, 2506, '079634-0270', '3', 5249, '2025-11-10'),
(2, 2506, '079634-0270', '3', 3437, '2025-11-11'),
(2, 2508, '299563-3020', '39', 2082, '2025-10-16'),
(2, 2508, '299563-3020', '39', 2623, '2025-10-20'),
(2, 2508, '299563-3020', '39', 5481, '2025-10-21'),
(2, 2508, '299563-3020', '39', 5417, '2025-10-22'),
(2, 2508, '299563-3020', '39', 5087, '2025-10-23'),
(2, 2508, '299563-3020', '39', 4617, '2025-10-24'),
(2, 2508, '299563-3020', '39', 4617, '2025-10-26'),
(2, 2508, '299563-3020', '39', 4345, '2025-10-27'),
(2, 2508, '299563-3020', '39', 5617, '2025-10-28'),
(2, 2508, '299563-3020', NULL, 4974, '2025-10-29'),
(2, 2508, '299563-3020', NULL, 5502, '2025-10-30'),
(2, 2508, '299563-3020', NULL, 1069, '2025-10-31'),
(2, 2508, '299563-3020', NULL, 1069, '2025-11-02'),
(2, 2508, '299563-3020', NULL, 4419, '2025-11-03'),
(2, 2508, '299563-3020', NULL, 5614, '2025-11-04'),
(2, 2508, '299563-3020', NULL, 5216, '2025-11-05'),
(2, 2508, '299563-3020', NULL, 5544, '2025-11-06'),
(2, 2508, '299563-3020', NULL, 2673, '2025-11-07'),
(2, 2508, '299563-3020', NULL, 2678, '2025-11-09'),
(2, 2508, '299563-3020', NULL, 5518, '2025-11-10'),
(2, 2508, '299563-3020', NULL, 5456, '2025-11-11'),
(2, 2509, '299563-3020', '40', 2617, '2025-10-16'),
(2, 2509, '299563-3020', '40', 70, '2025-10-20'),
(2, 2509, '299563-3020', '40', 77, '2025-10-21'),
(2, 2509, '299563-3020', '40', 74, '2025-10-22'),
(2, 2509, '299563-3020', '40', 75, '2025-10-23'),
(2, 2509, '299563-3020', '40', 4706, '2025-10-24'),
(2, 2509, '299563-3020', '40', 0, '2025-10-26'),
(2, 2509, '299563-3020', '40', 68, '2025-10-27'),
(2, 2509, '299563-3020', '40', 65, '2025-10-28'),
(2, 2509, '299563-3020', NULL, 75, '2025-10-29'),
(2, 2509, '299563-3020', NULL, 53, '2025-10-30'),
(2, 2509, '299563-3020', NULL, 216, '2025-10-31'),
(2, 2509, '299563-3020', NULL, 0, '2025-11-02'),
(2, 2509, '299563-3020', NULL, 74, '2025-11-03'),
(2, 2509, '299563-3020', NULL, 38, '2025-11-04'),
(2, 2509, '299563-3020', NULL, 76, '2025-11-05'),
(2, 2509, '299563-3020', NULL, 74, '2025-11-06'),
(2, 2509, '299563-3020', NULL, 2674, '2025-11-07'),
(2, 2509, '299563-3020', NULL, 0, '2025-11-09'),
(2, 2509, '299563-3020', NULL, 74, '2025-11-10'),
(2, 2509, '299563-3020', NULL, 75, '2025-11-11'),
(2, 2510, '299563-3020', '41', 1049, '2025-10-16'),
(2, 2510, '299563-3020', '41', 813, '2025-10-20'),
(2, 2510, '299563-3020', '41', 2470, '2025-10-21'),
(2, 2510, '299563-3020', '41', 2888, '2025-10-22'),
(2, 2510, '299563-3020', '41', 1581, '2025-10-23'),
(2, 2510, '299563-3020', '41', 300, '2025-10-24'),
(2, 2510, '299563-3020', '41', 0, '2025-10-27'),
(2, 2510, '299563-3020', NULL, 0, '2025-10-30'),
(2, 2510, '299563-3020', NULL, 58, '2025-10-31'),
(2, 2510, '299563-3020', NULL, 58, '2025-11-02'),
(2, 2510, '299563-3020', NULL, 2274, '2025-11-03'),
(2, 2510, '299563-3020', NULL, 2959, '2025-11-04'),
(2, 2510, '299563-3020', NULL, 3380, '2025-11-05'),
(2, 2510, '299563-3020', NULL, 3235, '2025-11-06'),
(2, 2510, '299563-3020', NULL, 918, '2025-11-07'),
(2, 2510, '299563-3020', NULL, 924, '2025-11-09'),
(2, 2510, '299563-3020', NULL, 3077, '2025-11-10'),
(2, 2510, '299563-3020', NULL, 3297, '2025-11-11'),
(2, 2512, '299577-3020', '30', 1587, '2025-10-16'),
(2, 2512, '299577-3020', '30', 0, '2025-10-20'),
(2, 2512, '299577-3020', '30', 3403, '2025-10-22'),
(2, 2512, '299577-3020', '30', 4476, '2025-10-27'),
(2, 2512, '299577-3020', '30', 5406, '2025-10-28'),
(2, 2512, '299577-3020', NULL, 5811, '2025-10-29'),
(2, 2512, '299577-3020', NULL, 5283, '2025-10-30'),
(2, 2512, '299577-3020', NULL, 2009, '2025-10-31'),
(2, 2512, '299577-3020', NULL, 2009, '2025-11-02'),
(2, 2512, '299577-3020', NULL, 1389, '2025-11-03'),
(2, 2512, '299577-3020', NULL, 5686, '2025-11-04'),
(2, 2512, '299577-3020', NULL, 5769, '2025-11-05'),
(2, 2512, '299577-3020', NULL, 5751, '2025-11-06'),
(2, 2512, '299577-3020', NULL, 4016, '2025-11-07'),
(2, 2512, '299577-3020', NULL, 4016, '2025-11-09'),
(2, 2512, '299577-3020', NULL, 4938, '2025-11-10'),
(2, 2512, '299577-3020', NULL, 5743, '2025-11-11'),
(2, 2516, '299577-3020', '34', 2069, '2025-10-16'),
(2, 2516, '299577-3020', '34', 2558, '2025-10-20'),
(2, 2516, '299577-3020', '34', 6279, '2025-10-21'),
(2, 2516, '299577-3020', '34', 5938, '2025-10-22'),
(2, 2516, '299577-3020', '34', 4252, '2025-10-23'),
(2, 2516, '299577-3020', '34', 4348, '2025-10-24'),
(2, 2516, '299577-3020', '34', 5227, '2025-10-27'),
(2, 2516, '299577-3020', '34', 6177, '2025-10-28'),
(2, 2516, '299577-3020', NULL, 5954, '2025-10-29'),
(2, 2516, '299577-3020', NULL, 4755, '2025-10-30'),
(2, 2516, '299577-3020', NULL, 2784, '2025-10-31'),
(2, 2516, '299577-3020', NULL, 2784, '2025-11-02'),
(2, 2516, '299577-3020', NULL, 2216, '2025-11-03'),
(2, 2516, '299577-3020', NULL, 5453, '2025-11-04'),
(2, 2516, '299577-3020', NULL, 6022, '2025-11-05'),
(2, 2516, '299577-3020', NULL, 5216, '2025-11-06'),
(2, 2516, '299577-3020', NULL, 4122, '2025-11-07'),
(2, 2516, '299577-3020', NULL, 4122, '2025-11-09'),
(2, 2516, '299577-3020', NULL, 5764, '2025-11-10'),
(2, 2516, '299577-3020', NULL, 5578, '2025-11-11'),
(2, 2517, '299577-3020', '35', 2128, '2025-10-16'),
(2, 2517, '299577-3020', '35', 2639, '2025-10-20'),
(2, 2517, '299577-3020', '35', 6326, '2025-10-21'),
(2, 2517, '299577-3020', '35', 5234, '2025-10-22'),
(2, 2517, '299577-3020', '35', 5972, '2025-10-23'),
(2, 2517, '299577-3020', '35', 4541, '2025-10-24'),
(2, 2517, '299577-3020', '35', 5139, '2025-10-27'),
(2, 2517, '299577-3020', '35', 5910, '2025-10-28'),
(2, 2517, '299577-3020', NULL, 6063, '2025-10-29'),
(2, 2517, '299577-3020', NULL, 5887, '2025-10-30'),
(2, 2517, '299577-3020', NULL, 2150, '2025-10-31'),
(2, 2517, '299577-3020', NULL, 2150, '2025-11-02'),
(2, 2517, '299577-3020', NULL, 64, '2025-11-03'),
(2, 2517, '299577-3020', NULL, 5690, '2025-11-04'),
(2, 2517, '299577-3020', NULL, 5754, '2025-11-05'),
(2, 2517, '299577-3020', NULL, 5155, '2025-11-06'),
(2, 2517, '299577-3020', NULL, 4137, '2025-11-07'),
(2, 2517, '299577-3020', NULL, 4137, '2025-11-09'),
(2, 2517, '299577-3020', NULL, 6205, '2025-11-10'),
(2, 2517, '299577-3020', NULL, 5460, '2025-11-11'),
(2, 2518, '299577-3020', '36', 2207, '2025-10-16'),
(2, 2518, '299577-3020', '36', 48, '2025-10-20'),
(2, 2518, '299577-3020', '36', 36, '2025-10-21'),
(2, 2518, '299577-3020', '36', 48, '2025-10-22'),
(2, 2518, '299577-3020', '36', 35, '2025-10-23'),
(2, 2518, '299577-3020', '36', 4749, '2025-10-24'),
(2, 2518, '299577-3020', '36', 49, '2025-10-27'),
(2, 2518, '299577-3020', '36', 25, '2025-10-28'),
(2, 2518, '299577-3020', NULL, 48, '2025-10-29'),
(2, 2518, '299577-3020', NULL, 0, '2025-10-30'),
(2, 2518, '299577-3020', NULL, 981, '2025-10-31'),
(2, 2518, '299577-3020', NULL, 0, '2025-11-02'),
(2, 2518, '299577-3020', NULL, 0, '2025-11-03'),
(2, 2518, '299577-3020', NULL, 47, '2025-11-04'),
(2, 2518, '299577-3020', NULL, 44, '2025-11-05'),
(2, 2518, '299577-3020', NULL, 44, '2025-11-06'),
(2, 2518, '299577-3020', NULL, 4022, '2025-11-07'),
(2, 2518, '299577-3020', NULL, 0, '2025-11-09'),
(2, 2518, '299577-3020', NULL, 44, '2025-11-10'),
(2, 2518, '299577-3020', NULL, 43, '2025-11-11'),
(2, 2519, '299763-5010', '42', 1327, '2025-10-20'),
(2, 2519, '299763-5010', '42', 1327, '2025-10-21'),
(2, 2519, '299763-5010', '42', 2827, '2025-10-22'),
(2, 2519, '299763-5010', '42', 3107, '2025-10-23'),
(2, 2519, '299763-5010', '42', 0, '2025-10-28'),
(2, 2519, '299763-5010', '42', 0, '2025-10-29'),
(2, 2519, '299763-5010', '42', 0, '2025-10-30'),
(2, 2519, '299763-5010', '42', 108, '2025-10-31'),
(2, 2519, '299763-5010', '42', 2051, '2025-11-03'),
(2, 2519, '299763-5010', '42', 3299, '2025-11-04'),
(2, 2519, '299763-5010', '42', 3430, '2025-11-05'),
(2, 2519, '299763-5010', '42', 3111, '2025-11-06'),
(2, 2519, '299763-5010', '42', 1358, '2025-11-07'),
(2, 2519, '299763-5010', '42', 3256, '2025-11-10'),
(2, 2520, '299577-3020', '31', 0, '0000-00-00'),
(2, 2520, '299577-3020', '31', 0, '2025-10-20'),
(2, 2520, '299577-3020', '31', 0, '2025-10-21'),
(2, 2520, '299577-3020', '31', 0, '2025-10-22'),
(2, 2520, '299577-3020', '31', 0, '2025-10-23'),
(2, 2520, '299577-3020', '31', 0, '2025-10-26'),
(2, 2520, '299577-3020', '31', 3779, '2025-10-28'),
(2, 2520, '299577-3020', '31', 3717, '2025-10-29'),
(2, 2520, '299577-3020', '31', 2327, '2025-10-30'),
(2, 2520, '299577-3020', '31', 0, '2025-10-31'),
(2, 2520, '299577-3020', '31', 3016, '2025-11-03'),
(2, 2520, '299577-3020', '31', 958, '2025-11-04'),
(2, 2520, '299577-3020', '31', 3640, '2025-11-05'),
(2, 2520, '299577-3020', '31', 3831, '2025-11-06'),
(2, 2520, '299577-3020', '31', 2621, '2025-11-07'),
(2, 2520, '299577-3020', '31', 1565, '2025-11-10'),
(2, 2521, '299577-3020', '32', 0, '0000-00-00'),
(2, 2521, '299577-3020', '32', 0, '2025-10-20'),
(2, 2521, '299577-3020', '32', 0, '2025-10-21'),
(2, 2521, '299577-3020', '32', 0, '2025-10-22'),
(2, 2521, '299577-3020', '32', 0, '2025-10-23'),
(2, 2521, '299577-3020', '32', 0, '2025-10-26'),
(2, 2521, '299577-3020', '32', 793, '2025-10-28'),
(2, 2521, '299577-3020', '32', 0, '2025-10-29'),
(2, 2521, '299577-3020', '32', 585, '2025-10-30'),
(2, 2521, '299577-3020', '32', 0, '2025-10-31'),
(2, 2521, '299577-3020', '32', 1730, '2025-11-03'),
(2, 2521, '299577-3020', '32', 934, '2025-11-04'),
(2, 2521, '299577-3020', '32', 1976, '2025-11-05'),
(2, 2521, '299577-3020', '32', 2673, '2025-11-06'),
(2, 2521, '299577-3020', '32', 2535, '2025-11-07'),
(2, 2521, '299577-3020', '32', 1636, '2025-11-10'),
(2, 2522, '299577-3020', '33', 0, '0000-00-00'),
(2, 2522, '299577-3020', '33', 1817, '2025-10-20'),
(2, 2522, '299577-3020', '33', 1817, '2025-10-21'),
(2, 2522, '299577-3020', '33', 4195, '2025-10-22'),
(2, 2522, '299577-3020', '33', 3292, '2025-10-23'),
(2, 2522, '299577-3020', '33', 3395, '2025-10-26'),
(2, 2522, '299577-3020', '33', 3743, '2025-10-27'),
(2, 2522, '299577-3020', '33', 3050, '2025-10-28'),
(2, 2522, '299577-3020', '33', 3747, '2025-10-29'),
(2, 2522, '299577-3020', '33', 2595, '2025-10-30'),
(2, 2522, '299577-3020', '33', 0, '2025-10-31'),
(2, 2522, '299577-3020', '33', 3434, '2025-11-03'),
(2, 2522, '299577-3020', '33', 1547, '2025-11-04'),
(2, 2522, '299577-3020', '33', 3848, '2025-11-05'),
(2, 2522, '299577-3020', '33', 4174, '2025-11-06'),
(2, 2522, '299577-3020', '33', 2739, '2025-11-07'),
(2, 2522, '299577-3020', '33', 1478, '2025-11-10'),
(4, 4506, '298564-0010', '10', 1612, '2025-10-16'),
(4, 4506, '298564-0010', '10', 1340, '2025-10-20'),
(4, 4506, '298564-0010', '10', 0, '2025-10-21'),
(4, 4507, '298564-0010', '11', 1530, '2025-10-16'),
(4, 4507, '298564-0010', '11', 3059, '2025-10-20'),
(4, 4507, '298564-0010', '11', 31, '2025-10-22'),
(4, 4507, '298564-0010', '11', 0, '2025-10-23'),
(4, 4507, '298564-0010', '11', 1501, '2025-10-24'),
(4, 4507, '298564-0010', '11', 30, '2025-10-27'),
(4, 4507, '298564-0010', '11', 0, '2025-10-28'),
(4, 4507, '298564-0010', NULL, 30, '2025-10-29'),
(4, 4507, '298564-0010', NULL, 10, '2025-10-30'),
(4, 4507, '298564-0010', NULL, 30, '2025-11-03'),
(4, 4507, '298564-0010', NULL, 30, '2025-11-04'),
(4, 4507, '298564-0010', NULL, 25, '2025-11-05'),
(4, 4507, '298564-0010', NULL, 30, '2025-11-06'),
(4, 4507, '298564-0010', NULL, 541, '2025-11-07'),
(4, 4507, '298564-0010', NULL, 30, '2025-11-10'),
(4, 4507, '298564-0010', NULL, 0, '2025-11-11'),
(4, 4508, '299563-3020-1', '35', 1162, '2025-10-16'),
(4, 4508, '299563-3020-1', '35', 3043, '2025-10-20'),
(4, 4508, '299563-3020-1', '35', 3098, '2025-10-21'),
(4, 4508, '299563-3020-1', '35', 3187, '2025-10-22'),
(4, 4508, '299563-3020-1', '35', 0, '2025-10-23'),
(4, 4508, '299563-3020-1', '35', 0, '2025-10-24'),
(4, 4508, '299563-3020-1', NULL, 7, '2025-10-30'),
(4, 4508, '299563-3020-1', NULL, 1819, '2025-10-31'),
(4, 4508, '299563-3020-1', NULL, 1486, '2025-11-03'),
(4, 4508, '299563-3020-1', NULL, 3142, '2025-11-04'),
(4, 4508, '299563-3020-1', NULL, 3205, '2025-11-05'),
(4, 4508, '299563-3020-1', NULL, 3220, '2025-11-06'),
(4, 4508, '299563-3020-1', NULL, 2323, '2025-11-07'),
(4, 4508, '299563-3020-1', NULL, 1423, '2025-11-10'),
(4, 4508, '299563-3020-1', NULL, 1495, '2025-11-11'),
(4, 4509, '299563-3020', '6', 1165, '2025-10-16'),
(4, 4510, '299563-3020', '7', 1159, '2025-10-16'),
(4, 4510, '299563-3020', '7', 2887, '2025-10-20'),
(4, 4510, '299563-3020', '7', 3091, '2025-10-21'),
(4, 4510, '299563-3020', '7', 2316, '2025-10-22'),
(4, 4510, '299563-3020', '7', 0, '2025-10-23'),
(4, 4510, '299563-3020', '7', 976, '2025-10-24'),
(4, 4510, '299563-3020', '7', 1475, '2025-10-27'),
(4, 4510, '299563-3020', '7', 3115, '2025-10-28'),
(4, 4510, '299563-3020', NULL, 3087, '2025-10-29'),
(4, 4510, '299563-3020', NULL, 1934, '2025-10-30'),
(4, 4510, '299563-3020', NULL, 2016, '2025-10-31'),
(4, 4510, '299563-3020', NULL, 1473, '2025-11-03'),
(4, 4510, '299563-3020', NULL, 3134, '2025-11-04'),
(4, 4510, '299563-3020', NULL, 3071, '2025-11-05'),
(4, 4510, '299563-3020', NULL, 3147, '2025-11-06'),
(4, 4510, '299563-3020', NULL, 2238, '2025-11-07'),
(4, 4510, '299563-3020', NULL, 3740, '2025-11-10'),
(4, 4510, '299563-3020', NULL, 1481, '2025-11-11'),
(4, 4511, '299563-3020-1', '12', 2289, '2025-10-16'),
(4, 4511, '299563-3020-1', '12', 5484, '2025-10-20'),
(4, 4511, '299563-3020-1', '12', 4986, '2025-10-21'),
(4, 4511, '299563-3020-1', '12', 4804, '2025-10-22'),
(4, 4511, '299563-3020-1', '12', 3240, '2025-10-23'),
(4, 4511, '299563-3020-1', '12', 4039, '2025-10-24'),
(4, 4511, '299563-3020-1', '12', 3112, '2025-10-27'),
(4, 4511, '299563-3020-1', '12', 5826, '2025-10-28'),
(4, 4511, '299563-3020-1', NULL, 5803, '2025-10-29'),
(4, 4511, '299563-3020-1', NULL, 4282, '2025-10-30'),
(4, 4511, '299563-3020-1', NULL, 4307, '2025-10-31'),
(4, 4511, '299563-3020-1', NULL, 0, '2025-11-02'),
(4, 4511, '299563-3020-1', NULL, 5637, '2025-11-03'),
(4, 4511, '299563-3020-1', NULL, 5217, '2025-11-04'),
(4, 4511, '299563-3020-1', NULL, 5855, '2025-11-05'),
(4, 4511, '299563-3020-1', NULL, 6010, '2025-11-06'),
(4, 4511, '299563-3020-1', NULL, 0, '2025-11-07'),
(4, 4511, '299563-3020-1', NULL, 5433, '2025-11-10'),
(4, 4511, '299563-3020-1', NULL, 2416, '2025-11-11'),
(4, 4513, '299563-3020-1', '15', 2249, '2025-10-16'),
(4, 4513, '299563-3020-1', '15', 5982, '2025-10-20'),
(4, 4513, '299563-3020-1', '15', 5838, '2025-10-21'),
(4, 4513, '299563-3020-1', '15', 6025, '2025-10-22'),
(4, 4513, '299563-3020-1', '15', 4269, '2025-10-23'),
(4, 4513, '299563-3020-1', '15', 4226, '2025-10-24'),
(4, 4513, '299563-3020-1', '15', 0, '2025-10-26'),
(4, 4513, '299563-3020-1', '15', 5523, '2025-10-27'),
(4, 4513, '299563-3020-1', '15', 6032, '2025-10-28'),
(4, 4513, '299563-3020-1', NULL, 5976, '2025-10-29'),
(4, 4513, '299563-3020-1', NULL, 4240, '2025-10-30'),
(4, 4513, '299563-3020-1', NULL, 4041, '2025-10-31'),
(4, 4513, '299563-3020-1', NULL, 0, '2025-11-02'),
(4, 4513, '299563-3020-1', NULL, 5694, '2025-11-03'),
(4, 4513, '299563-3020-1', NULL, 6090, '2025-11-04'),
(4, 4513, '299563-3020-1', NULL, 6230, '2025-11-05'),
(4, 4513, '299563-3020-1', NULL, 6063, '2025-11-06'),
(4, 4513, '299563-3020-1', NULL, 3683, '2025-11-07'),
(4, 4513, '299563-3020-1', NULL, 4243, '2025-11-10'),
(4, 4513, '299563-3020-1', NULL, 5732, '2025-11-11'),
(4, 4514, '299563-3020-1', '24', 2330, '2025-10-16'),
(4, 4514, '299563-3020-1', '24', 6129, '2025-10-20'),
(4, 4514, '299563-3020-1', '24', 6104, '2025-10-21'),
(4, 4514, '299563-3020-1', '24', 5390, '2025-10-22'),
(4, 4514, '299563-3020-1', '24', 3837, '2025-10-23'),
(4, 4514, '299563-3020-1', '24', 3767, '2025-10-24'),
(4, 4514, '299563-3020-1', '24', 0, '2025-10-26'),
(4, 4514, '299563-3020-1', '24', 5764, '2025-10-27'),
(4, 4514, '299563-3020-1', '24', 6340, '2025-10-28'),
(4, 4514, '299563-3020-1', NULL, 6557, '2025-10-29'),
(4, 4514, '299563-3020-1', NULL, 4707, '2025-10-30'),
(4, 4514, '299563-3020-1', NULL, 4215, '2025-10-31'),
(4, 4514, '299563-3020-1', NULL, 0, '2025-11-02'),
(4, 4514, '299563-3020-1', NULL, 5947, '2025-11-03'),
(4, 4514, '299563-3020-1', NULL, 6553, '2025-11-04'),
(4, 4514, '299563-3020-1', NULL, 6400, '2025-11-05'),
(4, 4514, '299563-3020-1', NULL, 6445, '2025-11-06'),
(4, 4514, '299563-3020-1', NULL, 4645, '2025-11-07'),
(4, 4514, '299563-3020-1', NULL, 5546, '2025-11-10'),
(4, 4514, '299563-3020-1', NULL, 6494, '2025-11-11'),
(4, 4515, '299563-3020-1', '31', 2259, '2025-10-16'),
(4, 4515, '299563-3020-1', '31', 5902, '2025-10-20'),
(4, 4515, '299563-3020-1', '31', 5348, '2025-10-21'),
(4, 4515, '299563-3020-1', '31', 5603, '2025-10-22'),
(4, 4515, '299563-3020-1', '31', 4352, '2025-10-23'),
(4, 4515, '299563-3020-1', '31', 4098, '2025-10-24'),
(4, 4515, '299563-3020-1', '31', 0, '2025-10-26'),
(4, 4515, '299563-3020-1', '31', 3053, '2025-10-27'),
(4, 4515, '299563-3020-1', '31', 6064, '2025-10-28'),
(4, 4515, '299563-3020-1', NULL, 6062, '2025-10-29'),
(4, 4515, '299563-3020-1', NULL, 4431, '2025-10-30'),
(4, 4515, '299563-3020-1', NULL, 3961, '2025-10-31'),
(4, 4515, '299563-3020-1', NULL, 0, '2025-11-02'),
(4, 4515, '299563-3020-1', NULL, 4808, '2025-11-03'),
(4, 4515, '299563-3020-1', NULL, 5886, '2025-11-04'),
(4, 4515, '299563-3020-1', NULL, 6154, '2025-11-05'),
(4, 4515, '299563-3020-1', NULL, 6091, '2025-11-06'),
(4, 4515, '299563-3020-1', NULL, 4384, '2025-11-07'),
(4, 4515, '299563-3020-1', NULL, 5760, '2025-11-10'),
(4, 4515, '299563-3020-1', NULL, 5840, '2025-11-11'),
(4, 4516, '299563-3020-1', '32', 2391, '2025-10-16'),
(4, 4516, '299563-3020-1', '32', 6264, '2025-10-20'),
(4, 4516, '299563-3020-1', '32', 6115, '2025-10-21'),
(4, 4516, '299563-3020-1', '32', 6247, '2025-10-22'),
(4, 4516, '299563-3020-1', '32', 4603, '2025-10-23'),
(4, 4516, '299563-3020-1', '32', 4508, '2025-10-24'),
(4, 4516, '299563-3020-1', '32', 3084, '2025-10-27'),
(4, 4516, '299563-3020-1', '32', 6246, '2025-10-28'),
(4, 4516, '299563-3020-1', NULL, 6320, '2025-10-29'),
(4, 4516, '299563-3020-1', NULL, 4276, '2025-10-30'),
(4, 4516, '299563-3020-1', NULL, 4294, '2025-10-31'),
(4, 4516, '299563-3020-1', NULL, 0, '2025-11-02'),
(4, 4516, '299563-3020-1', NULL, 6073, '2025-11-03'),
(4, 4516, '299563-3020-1', NULL, 6470, '2025-11-04'),
(4, 4516, '299563-3020-1', NULL, 6425, '2025-11-05'),
(4, 4516, '299563-3020-1', NULL, 6250, '2025-11-06'),
(4, 4516, '299563-3020-1', NULL, 4530, '2025-11-07'),
(4, 4516, '299563-3020-1', NULL, 5802, '2025-11-10'),
(4, 4516, '299563-3020-1', NULL, 5999, '2025-11-11'),
(4, 4517, '299563-3020-1', '33', 1175, '2025-10-16'),
(4, 4517, '299563-3020-1', '33', 2835, '2025-10-20'),
(4, 4517, '299563-3020-1', '33', 3085, '2025-10-21'),
(4, 4517, '299563-3020-1', '33', 3029, '2025-10-22'),
(4, 4517, '299563-3020-1', '33', 0, '2025-10-23'),
(4, 4517, '299563-3020-1', '33', 249, '2025-10-24'),
(4, 4517, '299563-3020-1', '33', 375, '2025-10-27'),
(4, 4517, '299563-3020-1', '33', 1997, '2025-10-28'),
(4, 4517, '299563-3020-1', NULL, 1920, '2025-10-29'),
(4, 4517, '299563-3020-1', NULL, 2301, '2025-10-30'),
(4, 4517, '299563-3020-1', NULL, 1968, '2025-10-31'),
(4, 4517, '299563-3020-1', NULL, 1356, '2025-11-03'),
(4, 4517, '299563-3020-1', NULL, 3109, '2025-11-04'),
(4, 4517, '299563-3020-1', NULL, 3029, '2025-11-05'),
(4, 4517, '299563-3020-1', NULL, 3080, '2025-11-06'),
(4, 4517, '299563-3020-1', NULL, 2230, '2025-11-07'),
(4, 4517, '299563-3020-1', NULL, 3758, '2025-11-10'),
(4, 4517, '299563-3020-1', NULL, 1399, '2025-11-11'),
(4, 4519, '298577-0010', '1', 228, '2025-10-16'),
(4, 4520, '298577-0010', '4', 1299, '2025-10-16'),
(4, 4520, '298577-0010', '4', 3550, '2025-10-20'),
(4, 4520, '298577-0010', '4', 3572, '2025-10-21'),
(4, 4520, '298577-0010', '4', 3599, '2025-10-22'),
(4, 4520, '298577-0010', '4', 3089, '2025-10-23'),
(4, 4520, '298577-0010', '4', 2537, '2025-10-24'),
(4, 4520, '298577-0010', '4', 3412, '2025-10-27'),
(4, 4520, '298577-0010', '4', 3598, '2025-10-28'),
(4, 4520, '298577-0010', NULL, 3411, '2025-10-29'),
(4, 4520, '298577-0010', NULL, 1144, '2025-10-30'),
(4, 4520, '298577-0010', NULL, 2379, '2025-10-31'),
(4, 4520, '298577-0010', NULL, 0, '2025-11-02'),
(4, 4520, '298577-0010', NULL, 3475, '2025-11-03'),
(4, 4520, '298577-0010', NULL, 3575, '2025-11-04'),
(4, 4520, '298577-0010', NULL, 2943, '2025-11-05'),
(4, 4520, '298577-0010', NULL, 3326, '2025-11-06'),
(4, 4520, '298577-0010', NULL, 2494, '2025-11-07'),
(4, 4520, '298577-0010', NULL, 3225, '2025-11-10'),
(4, 4520, '298577-0010', NULL, 3509, '2025-11-11'),
(4, 4521, '298577-0010', '5', 1404, '2025-10-16'),
(4, 4521, '298577-0010', '5', 3508, '2025-10-20'),
(4, 4521, '298577-0010', '5', 3605, '2025-10-21'),
(4, 4521, '298577-0010', '5', 3442, '2025-10-22'),
(4, 4521, '298577-0010', '5', 3130, '2025-10-23'),
(4, 4521, '298577-0010', '5', 2556, '2025-10-24'),
(4, 4521, '298577-0010', '5', 3562, '2025-10-27'),
(4, 4521, '298577-0010', '5', 3379, '2025-10-28'),
(4, 4521, '298577-0010', NULL, 3424, '2025-10-29'),
(4, 4521, '298577-0010', NULL, 1149, '2025-10-30'),
(4, 4521, '298577-0010', NULL, 968, '2025-10-31'),
(4, 4521, '298577-0010', NULL, 0, '2025-11-02'),
(4, 4521, '298577-0010', NULL, 3400, '2025-11-03'),
(4, 4521, '298577-0010', NULL, 3587, '2025-11-04'),
(4, 4521, '298577-0010', NULL, 3262, '2025-11-05'),
(4, 4521, '298577-0010', NULL, 3526, '2025-11-06'),
(4, 4521, '298577-0010', NULL, 2539, '2025-11-07'),
(4, 4521, '298577-0010', NULL, 3215, '2025-11-10'),
(4, 4521, '298577-0010', NULL, 3582, '2025-11-11'),
(4, 4523, '298577-0010', '11', 742, '2025-10-16'),
(4, 4524, '299577-3010', '2', 785, '2025-10-16'),
(4, 4524, '299577-3010', '2', 2226, '2025-10-20'),
(4, 4524, '299577-3010', '2', 1147, '2025-10-21'),
(4, 4524, '299577-3010', '2', 2208, '2025-10-22'),
(4, 4524, '299577-3010', '2', 1861, '2025-10-23'),
(4, 4524, '299577-3010', '2', 1732, '2025-10-24'),
(4, 4524, '299577-3010', '2', 2395, '2025-10-27'),
(4, 4524, '299577-3010', '2', 2628, '2025-10-28'),
(4, 4524, '299577-3010', NULL, 2505, '2025-10-29'),
(4, 4524, '299577-3010', NULL, 680, '2025-10-30'),
(4, 4524, '299577-3010', NULL, 784, '2025-10-31'),
(4, 4524, '299577-3010', NULL, 0, '2025-11-02'),
(4, 4524, '299577-3010', NULL, 2256, '2025-11-03'),
(4, 4524, '299577-3010', NULL, 2473, '2025-11-04'),
(4, 4524, '299577-3010', NULL, 2517, '2025-11-05'),
(4, 4524, '299577-3010', NULL, 223, '2025-11-06'),
(4, 4524, '299577-3010', NULL, 189, '2025-11-07'),
(4, 4524, '299577-3010', NULL, 707, '2025-11-10'),
(4, 4524, '299577-3010', NULL, 0, '2025-11-11'),
(4, 4525, '299577-3010', '3', 1363, '2025-10-28'),
(4, 4525, '299577-3010', NULL, 1838, '2025-10-29'),
(4, 4525, '299577-3010', NULL, 782, '2025-10-30'),
(4, 4526, '299577-3010', '8', 1089, '2025-10-16'),
(4, 4526, '299577-3010', '8', 2842, '2025-10-20'),
(4, 4526, '299577-3010', '8', 3108, '2025-10-21'),
(4, 4526, '299577-3010', '8', 3082, '2025-10-22'),
(4, 4526, '299577-3010', '8', 0, '2025-10-23'),
(4, 4526, '299577-3010', '8', 2190, '2025-10-24'),
(4, 4526, '299577-3010', '8', 0, '2025-10-27'),
(4, 4526, '299577-3010', '8', 3046, '2025-10-28'),
(4, 4526, '299577-3010', NULL, 3, '2025-10-29'),
(4, 4526, '299577-3010', NULL, 2694, '2025-10-30'),
(4, 4526, '299577-3010', NULL, 1993, '2025-10-31'),
(4, 4526, '299577-3010', NULL, 0, '2025-11-02'),
(4, 4526, '299577-3010', NULL, 2947, '2025-11-03'),
(4, 4526, '299577-3010', NULL, 3180, '2025-11-04'),
(4, 4526, '299577-3010', NULL, 2955, '2025-11-05'),
(4, 4526, '299577-3010', NULL, 3000, '2025-11-06'),
(4, 4526, '299577-3010', NULL, 2208, '2025-11-07'),
(4, 4526, '299577-3010', NULL, 2367, '2025-11-10'),
(4, 4526, '299577-3010', NULL, 3010, '2025-11-11'),
(4, 4527, '299577-3010', '9', 1036, '2025-10-16'),
(4, 4527, '299577-3010', '9', 2042, '2025-10-20'),
(4, 4527, '299577-3010', '9', 3098, '2025-10-21'),
(4, 4527, '299577-3010', '9', 3176, '2025-10-22'),
(4, 4527, '299577-3010', '9', 0, '2025-10-23'),
(4, 4527, '299577-3010', '9', 2114, '2025-10-24'),
(4, 4527, '299577-3010', '9', 0, '2025-10-27'),
(4, 4527, '299577-3010', '9', 3039, '2025-10-28'),
(4, 4527, '299577-3010', NULL, 2, '2025-10-29'),
(4, 4527, '299577-3010', NULL, 2699, '2025-10-30'),
(4, 4527, '299577-3010', NULL, 1987, '2025-10-31'),
(4, 4527, '299577-3010', NULL, 0, '2025-11-02'),
(4, 4527, '299577-3010', NULL, 2997, '2025-11-03'),
(4, 4527, '299577-3010', NULL, 3084, '2025-11-04'),
(4, 4527, '299577-3010', NULL, 683, '2025-11-05'),
(4, 4527, '299577-3010', NULL, 2448, '2025-11-06'),
(4, 4527, '299577-3010', NULL, 1125, '2025-11-07'),
(4, 4527, '299577-3010', NULL, 127, '2025-11-10'),
(4, 4527, '299577-3010', NULL, 196, '2025-11-11'),
(4, 4528, '299577-3010', '12', 2217, '2025-10-16'),
(4, 4528, '299577-3010', '12', 4908, '2025-10-20'),
(4, 4528, '299577-3010', '12', 5992, '2025-10-21'),
(4, 4528, '299577-3010', '12', 6088, '2025-10-22'),
(4, 4528, '299577-3010', '12', 5135, '2025-10-23'),
(4, 4528, '299577-3010', '12', 4256, '2025-10-24'),
(4, 4528, '299577-3010', '12', 1634, '2025-10-27'),
(4, 4528, '299577-3010', '12', 5995, '2025-10-28'),
(4, 4528, '299577-3010', NULL, 6087, '2025-10-29'),
(4, 4528, '299577-3010', NULL, 5052, '2025-10-30'),
(4, 4528, '299577-3010', NULL, 3898, '2025-10-31'),
(4, 4528, '299577-3010', NULL, 0, '2025-11-02'),
(4, 4528, '299577-3010', NULL, 4856, '2025-11-03'),
(4, 4528, '299577-3010', NULL, 5978, '2025-11-04'),
(4, 4528, '299577-3010', NULL, 5713, '2025-11-05'),
(4, 4528, '299577-3010', NULL, 5940, '2025-11-06'),
(4, 4528, '299577-3010', NULL, 4260, '2025-11-07'),
(4, 4528, '299577-3010', NULL, 5294, '2025-11-10'),
(4, 4528, '299577-3010', NULL, 5965, '2025-11-11'),
(4, 4529, '299577-3010', '15', 2441, '2025-10-16'),
(4, 4529, '299577-3010', '15', 6342, '2025-10-20'),
(4, 4529, '299577-3010', '15', 2002, '2025-10-21'),
(4, 4529, '299577-3010', '15', 5544, '2025-10-22'),
(4, 4529, '299577-3010', '15', 5400, '2025-10-23'),
(4, 4529, '299577-3010', '15', 4693, '2025-10-24'),
(4, 4529, '299577-3010', '15', 1414, '2025-10-27'),
(4, 4529, '299577-3010', '15', 5124, '2025-10-28'),
(4, 4529, '299577-3010', NULL, 6770, '2025-10-29'),
(4, 4529, '299577-3010', NULL, 5756, '2025-10-30'),
(4, 4529, '299577-3010', NULL, 4411, '2025-10-31'),
(4, 4529, '299577-3010', NULL, 0, '2025-11-02'),
(4, 4529, '299577-3010', NULL, 2303, '2025-11-03'),
(4, 4529, '299577-3010', NULL, 5209, '2025-11-04'),
(4, 4529, '299577-3010', NULL, 6648, '2025-11-05'),
(4, 4529, '299577-3010', NULL, 6201, '2025-11-06'),
(4, 4529, '299577-3010', NULL, 4854, '2025-11-07'),
(4, 4529, '299577-3010', NULL, 6451, '2025-11-10'),
(4, 4529, '299577-3010', NULL, 6181, '2025-11-11'),
(4, 4530, '299577-3010', '19', 2102, '2025-10-16'),
(4, 4530, '299577-3010', '19', 6193, '2025-10-20'),
(4, 4530, '299577-3010', '19', 6458, '2025-10-21'),
(4, 4530, '299577-3010', '19', 6609, '2025-10-22'),
(4, 4530, '299577-3010', '19', 5502, '2025-10-23'),
(4, 4530, '299577-3010', '19', 4292, '2025-10-24'),
(4, 4530, '299577-3010', '19', 2918, '2025-10-27'),
(4, 4530, '299577-3010', '19', 6204, '2025-10-28'),
(4, 4530, '299577-3010', NULL, 6144, '2025-10-29'),
(4, 4530, '299577-3010', NULL, 5291, '2025-10-30'),
(4, 4530, '299577-3010', NULL, 4315, '2025-10-31'),
(4, 4530, '299577-3010', NULL, 0, '2025-11-02'),
(4, 4530, '299577-3010', NULL, 6524, '2025-11-03'),
(4, 4530, '299577-3010', NULL, 6372, '2025-11-04'),
(4, 4530, '299577-3010', NULL, 6341, '2025-11-05'),
(4, 4530, '299577-3010', NULL, 2350, '2025-11-06'),
(4, 4530, '299577-3010', NULL, 3850, '2025-11-07'),
(4, 4530, '299577-3010', NULL, 6444, '2025-11-10'),
(4, 4530, '299577-3010', NULL, 6469, '2025-11-11'),
(4, 4531, '299577-3010', '26', 2610, '2025-10-16'),
(4, 4531, '299577-3010', '26', 6486, '2025-10-20'),
(4, 4531, '299577-3010', '26', 6033, '2025-10-21'),
(4, 4531, '299577-3010', '26', 6721, '2025-10-22'),
(4, 4531, '299577-3010', '26', 5740, '2025-10-23'),
(4, 4531, '299577-3010', '26', 4888, '2025-10-24'),
(4, 4531, '299577-3010', '26', 3256, '2025-10-27'),
(4, 4531, '299577-3010', '26', 6811, '2025-10-28'),
(4, 4531, '299577-3010', NULL, 6902, '2025-10-29'),
(4, 4531, '299577-3010', NULL, 5905, '2025-10-30'),
(4, 4531, '299577-3010', NULL, 4335, '2025-10-31'),
(4, 4531, '299577-3010', NULL, 0, '2025-11-02'),
(4, 4531, '299577-3010', NULL, 6299, '2025-11-03'),
(4, 4531, '299577-3010', NULL, 6888, '2025-11-04'),
(4, 4531, '299577-3010', NULL, 6863, '2025-11-05'),
(4, 4531, '299577-3010', NULL, 7014, '2025-11-06'),
(4, 4531, '299577-3010', NULL, 4875, '2025-11-07'),
(4, 4531, '299577-3010', NULL, 6600, '2025-11-10'),
(4, 4531, '299577-3010', NULL, 6437, '2025-11-11'),
(4, 4532, '299577-3010', '29', 1528, '2025-10-16'),
(4, 4532, '299577-3010', '29', 4380, '2025-10-20'),
(4, 4532, '299577-3010', '29', 4618, '2025-10-21'),
(4, 4532, '299577-3010', '29', 4681, '2025-10-22'),
(4, 4532, '299577-3010', '29', 3685, '2025-10-23'),
(4, 4532, '299577-3010', '29', 3183, '2025-10-24'),
(4, 4532, '299577-3010', '29', 2173, '2025-10-27'),
(4, 4532, '299577-3010', '29', 4675, '2025-10-28'),
(4, 4532, '299577-3010', NULL, 4715, '2025-10-29'),
(4, 4532, '299577-3010', NULL, 3953, '2025-10-30'),
(4, 4532, '299577-3010', NULL, 2986, '2025-10-31'),
(4, 4532, '299577-3010', NULL, 0, '2025-11-02'),
(4, 4532, '299577-3010', NULL, 4488, '2025-11-03'),
(4, 4532, '299577-3010', NULL, 4004, '2025-11-04'),
(4, 4532, '299577-3010', NULL, 4061, '2025-11-05'),
(4, 4532, '299577-3010', NULL, 4667, '2025-11-06'),
(4, 4532, '299577-3010', NULL, 3409, '2025-11-07'),
(4, 4532, '299577-3010', NULL, 4201, '2025-11-10'),
(4, 4532, '299577-3010', NULL, 4576, '2025-11-11'),
(6, 6501, '299563-3020', '14', 1565, '2025-10-16'),
(6, 6501, '299563-3020', '14', 5243, '2025-10-20'),
(6, 6501, '299563-3020', '14', 4614, '2025-10-21'),
(6, 6501, '299563-3020', '14', 4620, '2025-10-22'),
(6, 6501, '299563-3020', '14', 4691, '2025-10-23'),
(6, 6501, '299563-3020', '14', 3247, '2025-10-24'),
(6, 6501, '299563-3020', '14', 5158, '2025-10-27'),
(6, 6501, '299563-3020', '14', 4574, '2025-10-28'),
(6, 6501, '299563-3020', NULL, 3970, '2025-10-29'),
(6, 6501, '299563-3020', NULL, 700, '2025-10-30'),
(6, 6501, '299563-3020', NULL, 700, '2025-10-31'),
(6, 6501, '299563-3020', NULL, 700, '2025-11-02'),
(6, 6501, '299563-3020', NULL, 2000, '2025-11-03'),
(6, 6501, '299563-3020', NULL, 4623, '2025-11-04'),
(6, 6501, '299563-3020', NULL, 4786, '2025-11-05'),
(6, 6501, '299563-3020', NULL, 2518, '2025-11-06'),
(6, 6501, '299563-3020', NULL, 2265, '2025-11-07'),
(6, 6501, '299563-3020', NULL, 5016, '2025-11-10'),
(6, 6501, '299563-3020', NULL, 4629, '2025-11-11'),
(6, 6502, '299563-3020', '16', 1591, '2025-10-16'),
(6, 6502, '299563-3020', '16', 6389, '2025-10-20'),
(6, 6502, '299563-3020', '16', 6000, '2025-10-21'),
(6, 6502, '299563-3020', '16', 5407, '2025-10-22'),
(6, 6502, '299563-3020', '16', 596, '2025-10-23'),
(6, 6502, '299563-3020', '16', 3713, '2025-10-24'),
(6, 6502, '299563-3020', '16', 3713, '2025-10-26'),
(6, 6502, '299563-3020', '16', 5325, '2025-10-27'),
(6, 6502, '299563-3020', '16', 5812, '2025-10-28'),
(6, 6502, '299563-3020', NULL, 5854, '2025-10-29'),
(6, 6502, '299563-3020', NULL, 4818, '2025-10-30'),
(6, 6502, '299563-3020', NULL, 4818, '2025-10-31'),
(6, 6502, '299563-3020', NULL, 4818, '2025-11-02'),
(6, 6502, '299563-3020', NULL, 5414, '2025-11-03'),
(6, 6502, '299563-3020', NULL, 5833, '2025-11-04'),
(6, 6502, '299563-3020', NULL, 5961, '2025-11-05'),
(6, 6502, '299563-3020', NULL, 4632, '2025-11-06'),
(6, 6502, '299563-3020', NULL, 4314, '2025-11-07'),
(6, 6502, '299563-3020', NULL, 5787, '2025-11-10'),
(6, 6502, '299563-3020', NULL, 5638, '2025-11-11'),
(6, 6503, '299563-3020', '17', 2303, '2025-10-16'),
(6, 6503, '299563-3020', '17', 5095, '2025-10-20'),
(6, 6503, '299563-3020', '17', 6158, '2025-10-21'),
(6, 6503, '299563-3020', '17', 4817, '2025-10-22'),
(6, 6503, '299563-3020', '17', 5540, '2025-10-23'),
(6, 6503, '299563-3020', '17', 4455, '2025-10-24'),
(6, 6503, '299563-3020', '17', 4455, '2025-10-26'),
(6, 6503, '299563-3020', '17', 5583, '2025-10-27'),
(6, 6503, '299563-3020', '17', 5733, '2025-10-28'),
(6, 6503, '299563-3020', NULL, 6223, '2025-10-29'),
(6, 6503, '299563-3020', NULL, 6157, '2025-10-30'),
(6, 6503, '299563-3020', NULL, 974, '2025-10-31'),
(6, 6503, '299563-3020', NULL, 974, '2025-11-02'),
(6, 6503, '299563-3020', NULL, 4355, '2025-11-03'),
(6, 6503, '299563-3020', NULL, 6067, '2025-11-04'),
(6, 6503, '299563-3020', NULL, 5408, '2025-11-05'),
(6, 6503, '299563-3020', NULL, 2968, '2025-11-06'),
(6, 6503, '299563-3020', NULL, 4219, '2025-11-07'),
(6, 6503, '299563-3020', NULL, 6208, '2025-11-10'),
(6, 6503, '299563-3020', NULL, 6351, '2025-11-11'),
(6, 6504, '299563-3020', '18', 2196, '2025-10-16'),
(6, 6504, '299563-3020', '18', 3766, '2025-10-20'),
(6, 6504, '299563-3020', '18', 6178, '2025-10-21'),
(6, 6504, '299563-3020', '18', 5288, '2025-10-22'),
(6, 6504, '299563-3020', '18', 6031, '2025-10-23'),
(6, 6504, '299563-3020', '18', 4173, '2025-10-24'),
(6, 6504, '299563-3020', '18', 4173, '2025-10-26'),
(6, 6504, '299563-3020', '18', 5444, '2025-10-27'),
(6, 6504, '299563-3020', '18', 6251, '2025-10-28'),
(6, 6504, '299563-3020', NULL, 6110, '2025-10-29'),
(6, 6504, '299563-3020', NULL, 6088, '2025-10-30'),
(6, 6504, '299563-3020', NULL, 637, '2025-10-31'),
(6, 6504, '299563-3020', NULL, 637, '2025-11-02'),
(6, 6504, '299563-3020', NULL, 4749, '2025-11-03'),
(6, 6504, '299563-3020', NULL, 3587, '2025-11-04'),
(6, 6504, '299563-3020', NULL, 4713, '2025-11-05'),
(6, 6504, '299563-3020', NULL, 4857, '2025-11-06'),
(6, 6504, '299563-3020', NULL, 3402, '2025-11-07'),
(6, 6504, '299563-3020', NULL, 5667, '2025-11-10'),
(6, 6504, '299563-3020', NULL, 5373, '2025-11-11'),
(6, 6505, '299563-3020', '19', 2356, '2025-10-16'),
(6, 6505, '299563-3020', '19', 4854, '2025-10-20'),
(6, 6505, '299563-3020', '19', 6160, '2025-10-21'),
(6, 6505, '299563-3020', '19', 6276, '2025-10-22'),
(6, 6505, '299563-3020', '19', 6370, '2025-10-23'),
(6, 6505, '299563-3020', '19', 4309, '2025-10-24'),
(6, 6505, '299563-3020', '19', 4309, '2025-10-26'),
(6, 6505, '299563-3020', '19', 5570, '2025-10-27'),
(6, 6505, '299563-3020', '19', 5476, '2025-10-28'),
(6, 6505, '299563-3020', NULL, 5971, '2025-10-29'),
(6, 6505, '299563-3020', NULL, 6203, '2025-10-30'),
(6, 6505, '299563-3020', NULL, 2027, '2025-10-31'),
(6, 6505, '299563-3020', NULL, 2027, '2025-11-02'),
(6, 6505, '299563-3020', NULL, 5865, '2025-11-03'),
(6, 6505, '299563-3020', NULL, 6114, '2025-11-04'),
(6, 6505, '299563-3020', NULL, 6105, '2025-11-05'),
(6, 6505, '299563-3020', NULL, 2891, '2025-11-06'),
(6, 6505, '299563-3020', NULL, 2942, '2025-11-07'),
(6, 6505, '299563-3020', NULL, 5188, '2025-11-10'),
(6, 6505, '299563-3020', NULL, 5936, '2025-11-11'),
(6, 6506, '299563-3020', '20', 2241, '2025-10-16'),
(6, 6506, '299563-3020', '20', 5779, '2025-10-20'),
(6, 6506, '299563-3020', '20', 6317, '2025-10-21'),
(6, 6506, '299563-3020', '20', 6211, '2025-10-22'),
(6, 6506, '299563-3020', '20', 6243, '2025-10-23'),
(6, 6506, '299563-3020', '20', 4262, '2025-10-24'),
(6, 6506, '299563-3020', '20', 4262, '2025-10-26'),
(6, 6506, '299563-3020', '20', 2868, '2025-10-27'),
(6, 6506, '299563-3020', '20', 6092, '2025-10-28'),
(6, 6506, '299563-3020', NULL, 6005, '2025-10-29'),
(6, 6506, '299563-3020', NULL, 6287, '2025-10-30'),
(6, 6506, '299563-3020', NULL, 2013, '2025-10-31'),
(6, 6506, '299563-3020', NULL, 2013, '2025-11-02'),
(6, 6506, '299563-3020', NULL, 5684, '2025-11-03'),
(6, 6506, '299563-3020', NULL, 5748, '2025-11-04'),
(6, 6506, '299563-3020', NULL, 6258, '2025-11-05'),
(6, 6506, '299563-3020', NULL, 4621, '2025-11-06'),
(6, 6506, '299563-3020', NULL, 4293, '2025-11-07'),
(6, 6506, '299563-3020', NULL, 5624, '2025-11-10'),
(6, 6506, '299563-3020', NULL, 6134, '2025-11-11'),
(6, 6507, '299563-3020', '21', 5669, '2025-10-20'),
(6, 6507, '299563-3020', '21', 5991, '2025-10-21'),
(6, 6507, '299563-3020', '21', 5302, '2025-10-22'),
(6, 6507, '299563-3020', '21', 4072, '2025-10-23'),
(6, 6507, '299563-3020', '21', 3555, '2025-10-24'),
(6, 6507, '299563-3020', '21', 3555, '2025-10-26'),
(6, 6507, '299563-3020', '21', 5805, '2025-10-27'),
(6, 6507, '299563-3020', '21', 6123, '2025-10-28'),
(6, 6507, '299563-3020', NULL, 5444, '2025-10-29'),
(6, 6507, '299563-3020', NULL, 5999, '2025-10-30'),
(6, 6507, '299563-3020', NULL, 2030, '2025-10-31'),
(6, 6507, '299563-3020', NULL, 2030, '2025-11-02'),
(6, 6507, '299563-3020', NULL, 6073, '2025-11-03'),
(6, 6507, '299563-3020', NULL, 5796, '2025-11-04'),
(6, 6507, '299563-3020', NULL, 5876, '2025-11-05'),
(6, 6507, '299563-3020', NULL, 5144, '2025-11-06'),
(6, 6507, '299563-3020', NULL, 4374, '2025-11-07'),
(6, 6507, '299563-3020', NULL, 6314, '2025-11-10'),
(6, 6507, '299563-3020', NULL, 5831, '2025-11-11'),
(6, 6508, '299563-3020', '22', 2314, '2025-10-16'),
(6, 6509, '299563-3020', '23', 9244, '2025-10-28'),
(6, 6509, '299563-3020', NULL, 6299, '2025-10-29'),
(6, 6509, '299563-3020', NULL, 5500, '2025-10-30'),
(6, 6509, '299563-3020', NULL, 1891, '2025-10-31'),
(6, 6509, '299563-3020', NULL, 1891, '2025-11-02'),
(6, 6509, '299563-3020', NULL, 4855, '2025-11-03'),
(6, 6509, '299563-3020', NULL, 6400, '2025-11-04'),
(6, 6509, '299563-3020', NULL, 6441, '2025-11-05'),
(6, 6509, '299563-3020', NULL, 5443, '2025-11-06'),
(6, 6509, '299563-3020', NULL, 4529, '2025-11-07'),
(6, 6509, '299563-3020', NULL, 4529, '2025-11-08'),
(6, 6509, '299563-3020', NULL, 6256, '2025-11-10'),
(6, 6509, '299563-3020', NULL, 6269, '2025-11-11'),
(6, 6510, '299563-3020', '25', 2461, '2025-10-16'),
(6, 6510, '299563-3020', '25', 5828, '2025-10-20'),
(6, 6510, '299563-3020', '25', 6200, '2025-10-21'),
(6, 6510, '299563-3020', '25', 5861, '2025-10-22'),
(6, 6510, '299563-3020', '25', 6513, '2025-10-23'),
(6, 6510, '299563-3020', '25', 4413, '2025-10-24'),
(6, 6510, '299563-3020', '25', 4413, '2025-10-26'),
(6, 6510, '299563-3020', '25', 5764, '2025-10-27'),
(6, 6510, '299563-3020', '25', 6137, '2025-10-28'),
(6, 6510, '299563-3020', NULL, 5878, '2025-10-29'),
(6, 6510, '299563-3020', NULL, 5237, '2025-10-30'),
(6, 6510, '299563-3020', NULL, 5237, '2025-10-31'),
(6, 6510, '299563-3020', NULL, 5237, '2025-11-02'),
(6, 6510, '299563-3020', NULL, 4625, '2025-11-03'),
(6, 6510, '299563-3020', NULL, 5829, '2025-11-04'),
(6, 6510, '299563-3020', NULL, 5961, '2025-11-05'),
(6, 6510, '299563-3020', NULL, 5444, '2025-11-06'),
(6, 6510, '299563-3020', NULL, 4484, '2025-11-07'),
(6, 6510, '299563-3020', NULL, 6351, '2025-11-10'),
(6, 6510, '299563-3020', NULL, 6205, '2025-11-11'),
(6, 6511, '299563-3020', '26', 2405, '2025-10-16'),
(6, 6511, '299563-3020', '26', 6311, '2025-10-20'),
(6, 6511, '299563-3020', '26', 6298, '2025-10-21'),
(6, 6511, '299563-3020', '26', 6283, '2025-10-22'),
(6, 6511, '299563-3020', '26', 5351, '2025-10-23'),
(6, 6511, '299563-3020', '26', 4480, '2025-10-24'),
(6, 6511, '299563-3020', '26', 4507, '2025-10-26'),
(6, 6511, '299563-3020', '26', 5482, '2025-10-27'),
(6, 6511, '299563-3020', '26', 5971, '2025-10-28'),
(6, 6511, '299563-3020', NULL, 6387, '2025-10-29'),
(6, 6511, '299563-3020', NULL, 5538, '2025-10-30'),
(6, 6511, '299563-3020', NULL, 5538, '2025-10-31'),
(6, 6511, '299563-3020', NULL, 5538, '2025-11-02'),
(6, 6511, '299563-3020', NULL, 6039, '2025-11-03'),
(6, 6511, '299563-3020', NULL, 6101, '2025-11-04'),
(6, 6511, '299563-3020', NULL, 6306, '2025-11-05'),
(6, 6511, '299563-3020', NULL, 5341, '2025-11-06'),
(6, 6511, '299563-3020', NULL, 4608, '2025-11-07'),
(6, 6511, '299563-3020', NULL, 6282, '2025-11-10'),
(6, 6511, '299563-3020', NULL, 6318, '2025-11-11'),
(6, 6512, '299563-3020', '27', 2354, '2025-10-16'),
(6, 6512, '299563-3020', '27', 6339, '2025-10-20'),
(6, 6512, '299563-3020', '27', 6433, '2025-10-21'),
(6, 6512, '299563-3020', '27', 6434, '2025-10-22'),
(6, 6512, '299563-3020', '27', 5966, '2025-10-23'),
(6, 6512, '299563-3020', '27', 4648, '2025-10-24'),
(6, 6512, '299563-3020', '27', 4648, '2025-10-26'),
(6, 6512, '299563-3020', '27', 5851, '2025-10-27'),
(6, 6512, '299563-3020', '27', 6349, '2025-10-28'),
(6, 6512, '299563-3020', NULL, 6355, '2025-10-29'),
(6, 6512, '299563-3020', NULL, 5421, '2025-10-30'),
(6, 6512, '299563-3020', NULL, 0, '2025-10-31'),
(6, 6512, '299563-3020', NULL, 0, '2025-11-02'),
(6, 6512, '299563-3020', NULL, 5791, '2025-11-03'),
(6, 6512, '299563-3020', NULL, 6405, '2025-11-04'),
(6, 6512, '299563-3020', NULL, 6308, '2025-11-05'),
(6, 6512, '299563-3020', NULL, 5034, '2025-11-06'),
(6, 6512, '299563-3020', NULL, 4525, '2025-11-07'),
(6, 6512, '299563-3020', NULL, 6238, '2025-11-10'),
(6, 6512, '299563-3020', NULL, 6380, '2025-11-11'),
(6, 6513, '299563-3020', '28', 2365, '2025-10-16'),
(6, 6513, '299563-3020', '28', 6199, '2025-10-20'),
(6, 6513, '299563-3020', '28', 6294, '2025-10-21'),
(6, 6513, '299563-3020', '28', 6266, '2025-10-22'),
(6, 6513, '299563-3020', '28', 6354, '2025-10-23'),
(6, 6513, '299563-3020', '28', 4528, '2025-10-24'),
(6, 6513, '299563-3020', '28', 4564, '2025-10-26'),
(6, 6513, '299563-3020', '28', 5726, '2025-10-27'),
(6, 6513, '299563-3020', '28', 5222, '2025-10-28'),
(6, 6513, '299563-3020', NULL, 6321, '2025-10-29'),
(6, 6513, '299563-3020', NULL, 5212, '2025-10-30'),
(6, 6513, '299563-3020', NULL, 5212, '2025-10-31'),
(6, 6513, '299563-3020', NULL, 5212, '2025-11-02'),
(6, 6513, '299563-3020', NULL, 5368, '2025-11-03'),
(6, 6513, '299563-3020', NULL, 6404, '2025-11-04'),
(6, 6513, '299563-3020', NULL, 6259, '2025-11-05'),
(6, 6513, '299563-3020', NULL, 5289, '2025-11-06'),
(6, 6513, '299563-3020', NULL, 4396, '2025-11-07'),
(6, 6513, '299563-3020', NULL, 6269, '2025-11-10'),
(6, 6513, '299563-3020', NULL, 6200, '2025-11-11'),
(6, 6514, '299563-3020', '29', 2379, '2025-10-16'),
(6, 6514, '299563-3020', '29', 6312, '2025-10-20'),
(6, 6514, '299563-3020', '29', 6185, '2025-10-21'),
(6, 6514, '299563-3020', '29', 6052, '2025-10-22'),
(6, 6514, '299563-3020', '29', 6265, '2025-10-23'),
(6, 6514, '299563-3020', '29', 4529, '2025-10-24'),
(6, 6514, '299563-3020', '29', 4529, '2025-10-26'),
(6, 6514, '299563-3020', '29', 4238, '2025-10-27'),
(6, 6514, '299563-3020', '29', 4791, '2025-10-28'),
(6, 6514, '299563-3020', NULL, 6234, '2025-10-29'),
(6, 6514, '299563-3020', NULL, 5404, '2025-10-30'),
(6, 6514, '299563-3020', NULL, 5404, '2025-10-31'),
(6, 6514, '299563-3020', NULL, 5404, '2025-11-02'),
(6, 6514, '299563-3020', NULL, 5898, '2025-11-03'),
(6, 6514, '299563-3020', NULL, 6124, '2025-11-04'),
(6, 6514, '299563-3020', NULL, 6348, '2025-11-05'),
(6, 6514, '299563-3020', NULL, 5152, '2025-11-06'),
(6, 6514, '299563-3020', NULL, 4466, '2025-11-07'),
(6, 6514, '299563-3020', NULL, 6291, '2025-11-10'),
(6, 6514, '299563-3020', NULL, 6408, '2025-11-11'),
(6, 6515, '299563-3020', '30', 2378, '2025-10-16'),
(6, 6515, '299563-3020', '30', 6278, '2025-10-20'),
(6, 6515, '299563-3020', '30', 6243, '2025-10-21'),
(6, 6515, '299563-3020', '30', 6481, '2025-10-22'),
(6, 6515, '299563-3020', '30', 6326, '2025-10-23'),
(6, 6515, '299563-3020', '30', 4499, '2025-10-24'),
(6, 6515, '299563-3020', '30', 4519, '2025-10-26'),
(6, 6515, '299563-3020', '30', 5696, '2025-10-27'),
(6, 6515, '299563-3020', '30', 6379, '2025-10-28'),
(6, 6515, '299563-3020', NULL, 6326, '2025-10-29'),
(6, 6515, '299563-3020', NULL, 5321, '2025-10-30'),
(6, 6515, '299563-3020', NULL, 5321, '2025-10-31'),
(6, 6515, '299563-3020', NULL, 5321, '2025-11-02'),
(6, 6515, '299563-3020', NULL, 5892, '2025-11-03'),
(6, 6515, '299563-3020', NULL, 6295, '2025-11-04'),
(6, 6515, '299563-3020', NULL, 6266, '2025-11-05'),
(6, 6515, '299563-3020', NULL, 5485, '2025-11-06'),
(6, 6515, '299563-3020', NULL, 4537, '2025-11-07'),
(6, 6515, '299563-3020', NULL, 6190, '2025-11-10'),
(6, 6515, '299563-3020', NULL, 6408, '2025-11-11'),
(6, 6516, '299577-3020', '13', 2054, '2025-10-16'),
(6, 6516, '299577-3020', '13', 5879, '2025-10-20'),
(6, 6516, '299577-3020', '13', 1110, '2025-10-21'),
(6, 6516, '299577-3020', '13', 1349, '2025-10-22'),
(6, 6516, '299577-3020', '13', 5097, '2025-10-23'),
(6, 6516, '299577-3020', '13', 4067, '2025-10-24'),
(6, 6516, '299577-3020', '13', 5766, '2025-10-27'),
(6, 6516, '299577-3020', '13', 6176, '2025-10-28'),
(6, 6516, '299577-3020', NULL, 6241, '2025-10-29'),
(6, 6516, '299577-3020', NULL, 6259, '2025-10-30'),
(6, 6516, '299577-3020', NULL, 0, '2025-10-31'),
(6, 6516, '299577-3020', NULL, 3369, '2025-11-03'),
(6, 6516, '299577-3020', NULL, 6179, '2025-11-04'),
(6, 6516, '299577-3020', NULL, 6192, '2025-11-05'),
(6, 6516, '299577-3020', NULL, 5663, '2025-11-06'),
(6, 6516, '299577-3020', NULL, 5663, '2025-11-10'),
(6, 6516, '299577-3020', NULL, 6235, '2025-11-11'),
(6, 6518, '299577-3020', '16', 2457, '2025-10-16'),
(6, 6518, '299577-3020', '16', 7142, '2025-10-20'),
(6, 6518, '299577-3020', '16', 6582, '2025-10-21'),
(6, 6518, '299577-3020', '16', 5653, '2025-10-22'),
(6, 6518, '299577-3020', '16', 5944, '2025-10-23'),
(6, 6518, '299577-3020', '16', 4667, '2025-10-24'),
(6, 6518, '299577-3020', '16', 6601, '2025-10-27'),
(6, 6518, '299577-3020', '16', 6865, '2025-10-28'),
(6, 6518, '299577-3020', NULL, 6857, '2025-10-29'),
(6, 6518, '299577-3020', NULL, 6941, '2025-10-30'),
(6, 6518, '299577-3020', NULL, 5030, '2025-10-31'),
(6, 6518, '299577-3020', NULL, 5030, '2025-11-02'),
(6, 6518, '299577-3020', NULL, 6592, '2025-11-03'),
(6, 6518, '299577-3020', NULL, 6991, '2025-11-04'),
(6, 6518, '299577-3020', NULL, 1833, '2025-11-05'),
(6, 6518, '299577-3020', NULL, 5161, '2025-11-06'),
(6, 6518, '299577-3020', NULL, 5161, '2025-11-10'),
(6, 6518, '299577-3020', NULL, 7081, '2025-11-11'),
(6, 6519, '299577-3020', '17', 2597, '2025-10-16'),
(6, 6519, '299577-3020', '17', 5220, '2025-10-20'),
(6, 6519, '299577-3020', '17', 6674, '2025-10-21'),
(6, 6519, '299577-3020', '17', 6791, '2025-10-22'),
(6, 6519, '299577-3020', '17', 5698, '2025-10-23'),
(6, 6519, '299577-3020', '17', 4562, '2025-10-24'),
(6, 6519, '299577-3020', '17', 6816, '2025-10-27'),
(6, 6519, '299577-3020', '17', 6959, '2025-10-28'),
(6, 6519, '299577-3020', NULL, 6854, '2025-10-29'),
(6, 6519, '299577-3020', NULL, 6442, '2025-10-30'),
(6, 6519, '299577-3020', NULL, 5448, '2025-10-31'),
(6, 6519, '299577-3020', NULL, 5467, '2025-11-02'),
(6, 6519, '299577-3020', NULL, 6537, '2025-11-03'),
(6, 6519, '299577-3020', NULL, 6710, '2025-11-04'),
(6, 6519, '299577-3020', NULL, 6463, '2025-11-05'),
(6, 6519, '299577-3020', NULL, 6711, '2025-11-06'),
(6, 6519, '299577-3020', NULL, 4900, '2025-11-07'),
(6, 6519, '299577-3020', NULL, 5394, '2025-11-10');
INSERT INTO `product_history` (`factory_type`, `machine_no`, `parts_no`, `line_no`, `production`, `prod_date`) VALUES
(6, 6519, '299577-3020', NULL, 6360, '2025-11-11'),
(6, 6520, '299577-3020', '18', 2643, '2025-10-16'),
(6, 6520, '299577-3020', '18', 7143, '2025-10-20'),
(6, 6520, '299577-3020', '18', 6106, '2025-10-21'),
(6, 6520, '299577-3020', '18', 7265, '2025-10-22'),
(6, 6520, '299577-3020', '18', 5713, '2025-10-23'),
(6, 6520, '299577-3020', '18', 4825, '2025-10-24'),
(6, 6520, '299577-3020', '18', 6624, '2025-10-27'),
(6, 6520, '299577-3020', '18', 7070, '2025-10-28'),
(6, 6520, '299577-3020', NULL, 7129, '2025-10-29'),
(6, 6520, '299577-3020', NULL, 7109, '2025-10-30'),
(6, 6520, '299577-3020', NULL, 5557, '2025-10-31'),
(6, 6520, '299577-3020', NULL, 5557, '2025-11-02'),
(6, 6520, '299577-3020', NULL, 6669, '2025-11-03'),
(6, 6520, '299577-3020', NULL, 7039, '2025-11-04'),
(6, 6520, '299577-3020', NULL, 7095, '2025-11-05'),
(6, 6520, '299577-3020', NULL, 6923, '2025-11-06'),
(6, 6520, '299577-3020', NULL, 4975, '2025-11-07'),
(6, 6520, '299577-3020', NULL, 6999, '2025-11-10'),
(6, 6520, '299577-3020', NULL, 7114, '2025-11-11'),
(6, 6521, '299577-3020', '20', 2609, '2025-10-16'),
(6, 6521, '299577-3020', '20', 6573, '2025-10-20'),
(6, 6521, '299577-3020', '20', 6852, '2025-10-21'),
(6, 6521, '299577-3020', '20', 6894, '2025-10-22'),
(6, 6521, '299577-3020', '20', 5732, '2025-10-23'),
(6, 6521, '299577-3020', '20', 4637, '2025-10-24'),
(6, 6521, '299577-3020', '20', 6340, '2025-10-27'),
(6, 6521, '299577-3020', '20', 7062, '2025-10-28'),
(6, 6521, '299577-3020', NULL, 7044, '2025-10-29'),
(6, 6521, '299577-3020', NULL, 6869, '2025-10-30'),
(6, 6521, '299577-3020', NULL, 5550, '2025-10-31'),
(6, 6521, '299577-3020', NULL, 5559, '2025-11-02'),
(6, 6521, '299577-3020', NULL, 6491, '2025-11-03'),
(6, 6521, '299577-3020', NULL, 5525, '2025-11-04'),
(6, 6521, '299577-3020', NULL, 6814, '2025-11-05'),
(6, 6521, '299577-3020', NULL, 6173, '2025-11-06'),
(6, 6521, '299577-3020', NULL, 4946, '2025-11-07'),
(6, 6521, '299577-3020', NULL, 6470, '2025-11-10'),
(6, 6521, '299577-3020', NULL, 6640, '2025-11-11'),
(6, 6522, '299577-3020', '21', 2468, '2025-10-16'),
(6, 6522, '299577-3020', '21', 6150, '2025-10-20'),
(6, 6522, '299577-3020', '21', 6246, '2025-10-21'),
(6, 6522, '299577-3020', '21', 7122, '2025-10-22'),
(6, 6522, '299577-3020', '21', 5841, '2025-10-23'),
(6, 6522, '299577-3020', '21', 4387, '2025-10-24'),
(6, 6522, '299577-3020', '21', 6395, '2025-10-27'),
(6, 6522, '299577-3020', '21', 6551, '2025-10-28'),
(6, 6522, '299577-3020', NULL, 6842, '2025-10-29'),
(6, 6522, '299577-3020', NULL, 6864, '2025-10-30'),
(6, 6522, '299577-3020', NULL, 5417, '2025-10-31'),
(6, 6522, '299577-3020', NULL, 5417, '2025-11-02'),
(6, 6522, '299577-3020', NULL, 6361, '2025-11-03'),
(6, 6522, '299577-3020', NULL, 6655, '2025-11-04'),
(6, 6522, '299577-3020', NULL, 6108, '2025-11-05'),
(6, 6522, '299577-3020', NULL, 6907, '2025-11-06'),
(6, 6522, '299577-3020', NULL, 4914, '2025-11-07'),
(6, 6522, '299577-3020', NULL, 6782, '2025-11-10'),
(6, 6522, '299577-3020', NULL, 6930, '2025-11-11'),
(6, 6523, '299577-3020', '22', 2720, '2025-10-16'),
(6, 6523, '299577-3020', '22', 7009, '2025-10-20'),
(6, 6523, '299577-3020', '22', 6684, '2025-10-21'),
(6, 6523, '299577-3020', '22', 6804, '2025-10-22'),
(6, 6523, '299577-3020', '22', 5795, '2025-10-23'),
(6, 6523, '299577-3020', '22', 4903, '2025-10-24'),
(6, 6523, '299577-3020', '22', 4903, '2025-10-26'),
(6, 6523, '299577-3020', '22', 3095, '2025-10-27'),
(6, 6523, '299577-3020', '22', 6924, '2025-10-28'),
(6, 6523, '299577-3020', NULL, 7020, '2025-10-29'),
(6, 6523, '299577-3020', NULL, 7195, '2025-10-30'),
(6, 6523, '299577-3020', NULL, 5738, '2025-10-31'),
(6, 6523, '299577-3020', NULL, 5760, '2025-11-02'),
(6, 6523, '299577-3020', NULL, 6860, '2025-11-03'),
(6, 6523, '299577-3020', NULL, 7131, '2025-11-04'),
(6, 6523, '299577-3020', NULL, 7134, '2025-11-05'),
(6, 6523, '299577-3020', NULL, 7195, '2025-11-06'),
(6, 6523, '299577-3020', NULL, 5148, '2025-11-07'),
(6, 6523, '299577-3020', NULL, 6674, '2025-11-10'),
(6, 6523, '299577-3020', NULL, 7247, '2025-11-11'),
(6, 6524, '299577-3020', '23', 2615, '2025-10-16'),
(6, 6524, '299577-3020', '23', 6391, '2025-10-20'),
(6, 6524, '299577-3020', '23', 7039, '2025-10-21'),
(6, 6524, '299577-3020', '23', 6995, '2025-10-22'),
(6, 6524, '299577-3020', '23', 6003, '2025-10-23'),
(6, 6524, '299577-3020', '23', 4975, '2025-10-24'),
(6, 6524, '299577-3020', '23', 4975, '2025-10-26'),
(6, 6524, '299577-3020', '23', 6957, '2025-10-27'),
(6, 6524, '299577-3020', '23', 7182, '2025-10-28'),
(6, 6524, '299577-3020', NULL, 7071, '2025-10-29'),
(6, 6524, '299577-3020', NULL, 7083, '2025-10-30'),
(6, 6524, '299577-3020', NULL, 5736, '2025-10-31'),
(6, 6524, '299577-3020', NULL, 5753, '2025-11-02'),
(6, 6524, '299577-3020', NULL, 6771, '2025-11-03'),
(6, 6524, '299577-3020', NULL, 7153, '2025-11-04'),
(6, 6524, '299577-3020', NULL, 7147, '2025-11-05'),
(6, 6524, '299577-3020', NULL, 7031, '2025-11-06'),
(6, 6524, '299577-3020', NULL, 3292, '2025-11-07'),
(6, 6524, '299577-3020', NULL, 6951, '2025-11-10'),
(6, 6524, '299577-3020', NULL, 7142, '2025-11-11'),
(6, 6525, '299577-3020', '24', 2624, '2025-10-16'),
(6, 6525, '299577-3020', '24', 6954, '2025-10-20'),
(6, 6525, '299577-3020', '24', 7206, '2025-10-21'),
(6, 6525, '299577-3020', '24', 7123, '2025-10-22'),
(6, 6525, '299577-3020', '24', 1768, '2025-10-23'),
(6, 6525, '299577-3020', '24', 4959, '2025-10-24'),
(6, 6525, '299577-3020', '24', 4959, '2025-10-26'),
(6, 6525, '299577-3020', '24', 3286, '2025-10-27'),
(6, 6525, '299577-3020', '24', 6327, '2025-10-28'),
(6, 6525, '299577-3020', NULL, 7071, '2025-10-29'),
(6, 6525, '299577-3020', NULL, 7245, '2025-10-30'),
(6, 6525, '299577-3020', NULL, 5916, '2025-10-31'),
(6, 6525, '299577-3020', NULL, 5924, '2025-11-02'),
(6, 6525, '299577-3020', NULL, 6791, '2025-11-03'),
(6, 6525, '299577-3020', NULL, 7181, '2025-11-04'),
(6, 6525, '299577-3020', NULL, 7237, '2025-11-05'),
(6, 6525, '299577-3020', NULL, 7133, '2025-11-06'),
(6, 6525, '299577-3020', NULL, 5209, '2025-11-07'),
(6, 6525, '299577-3020', NULL, 6459, '2025-11-10'),
(6, 6525, '299577-3020', NULL, 7163, '2025-11-11'),
(6, 6526, '299577-3020', '25', 2649, '2025-10-16'),
(6, 6526, '299577-3020', '25', 7176, '2025-10-20'),
(6, 6526, '299577-3020', '25', 6849, '2025-10-21'),
(6, 6526, '299577-3020', '25', 7169, '2025-10-22'),
(6, 6526, '299577-3020', '25', 3981, '2025-10-23'),
(6, 6526, '299577-3020', '25', 4914, '2025-10-24'),
(6, 6526, '299577-3020', '25', 4914, '2025-10-26'),
(6, 6526, '299577-3020', '25', 7007, '2025-10-27'),
(6, 6526, '299577-3020', '25', 6386, '2025-10-28'),
(6, 6526, '299577-3020', NULL, 7137, '2025-10-29'),
(6, 6526, '299577-3020', NULL, 6209, '2025-10-30'),
(6, 6526, '299577-3020', NULL, 5685, '2025-10-31'),
(6, 6526, '299577-3020', NULL, 5685, '2025-11-02'),
(6, 6526, '299577-3020', NULL, 6930, '2025-11-03'),
(6, 6526, '299577-3020', NULL, 6735, '2025-11-04'),
(6, 6526, '299577-3020', NULL, 7219, '2025-11-05'),
(6, 6526, '299577-3020', NULL, 6811, '2025-11-06'),
(6, 6526, '299577-3020', NULL, 5125, '2025-11-07'),
(6, 6526, '299577-3020', NULL, 6095, '2025-11-10'),
(6, 6526, '299577-3020', NULL, 6495, '2025-11-11'),
(6, 6527, '299577-3020', '27', 2613, '2025-10-16'),
(6, 6527, '299577-3020', '27', 6356, '2025-10-20'),
(6, 6527, '299577-3020', '27', 6545, '2025-10-21'),
(6, 6527, '299577-3020', '27', 6453, '2025-10-22'),
(6, 6527, '299577-3020', '27', 4676, '2025-10-23'),
(6, 6527, '299577-3020', '27', 4656, '2025-10-24'),
(6, 6527, '299577-3020', '27', 4656, '2025-10-26'),
(6, 6527, '299577-3020', '27', 6329, '2025-10-27'),
(6, 6527, '299577-3020', '27', 7007, '2025-10-28'),
(6, 6527, '299577-3020', NULL, 6958, '2025-10-29'),
(6, 6527, '299577-3020', NULL, 6724, '2025-10-30'),
(6, 6527, '299577-3020', NULL, 9258, '2025-10-31'),
(6, 6527, '299577-3020', NULL, 12807, '2025-11-03'),
(6, 6527, '299577-3020', NULL, 7041, '2025-11-04'),
(6, 6527, '299577-3020', NULL, 7052, '2025-11-05'),
(6, 6527, '299577-3020', NULL, 6990, '2025-11-06'),
(6, 6527, '299577-3020', NULL, 5060, '2025-11-07'),
(6, 6527, '299577-3020', NULL, 6508, '2025-11-10'),
(6, 6527, '299577-3020', NULL, 6818, '2025-11-11'),
(6, 6528, '299577-3020', '28', 2546, '2025-10-16'),
(6, 6528, '299577-3020', '28', 6766, '2025-10-20'),
(6, 6528, '299577-3020', '28', 5954, '2025-10-21'),
(6, 6528, '299577-3020', '28', 6102, '2025-10-22'),
(6, 6528, '299577-3020', '28', 4149, '2025-10-23'),
(6, 6528, '299577-3020', '28', 4739, '2025-10-24'),
(6, 6528, '299577-3020', '28', 5987, '2025-10-27'),
(6, 6528, '299577-3020', '28', 6965, '2025-10-28'),
(6, 6528, '299577-3020', NULL, 6863, '2025-10-29'),
(6, 6528, '299577-3020', NULL, 6869, '2025-10-30'),
(6, 6528, '299577-3020', NULL, 5233, '2025-10-31'),
(6, 6528, '299577-3020', NULL, 5307, '2025-11-02'),
(6, 6528, '299577-3020', NULL, 6466, '2025-11-03'),
(6, 6528, '299577-3020', NULL, 7045, '2025-11-04'),
(6, 6528, '299577-3020', NULL, 6835, '2025-11-05'),
(6, 6528, '299577-3020', NULL, 6957, '2025-11-06'),
(6, 6528, '299577-3020', NULL, 4918, '2025-11-07'),
(6, 6528, '299577-3020', NULL, 6307, '2025-11-10'),
(6, 6528, '299577-3020', NULL, 6751, '2025-11-11'),
(6, 6529, '299563-3020', '36', 1849, '2025-10-16'),
(6, 6529, '299563-3020', '36', 2765, '2025-10-20'),
(6, 6529, '299563-3020', '36', 5280, '2025-10-21'),
(6, 6529, '299563-3020', '36', 5470, '2025-10-22'),
(6, 6529, '299563-3020', '36', 5286, '2025-10-23'),
(6, 6529, '299563-3020', '36', 4089, '2025-10-24'),
(6, 6529, '299563-3020', '36', 0, '2025-10-26'),
(6, 6529, '299563-3020', '36', 955, '2025-10-27'),
(6, 6529, '299563-3020', '36', 5614, '2025-10-28'),
(6, 6529, '299563-3020', NULL, 4854, '2025-10-29'),
(6, 6529, '299563-3020', NULL, 4896, '2025-10-30'),
(6, 6529, '299563-3020', NULL, 0, '2025-10-31'),
(6, 6529, '299563-3020', NULL, 0, '2025-11-02'),
(6, 6529, '299563-3020', NULL, 5001, '2025-11-03'),
(6, 6529, '299563-3020', NULL, 6026, '2025-11-04'),
(6, 6529, '299563-3020', NULL, 5446, '2025-11-05'),
(6, 6529, '299563-3020', NULL, 4136, '2025-11-06'),
(6, 6529, '299563-3020', NULL, 3924, '2025-11-07'),
(6, 6529, '299563-3020', NULL, 0, '2025-11-09'),
(6, 6529, '299563-3020', NULL, 4834, '2025-11-10'),
(6, 6529, '299563-3020', NULL, 5847, '2025-11-11'),
(6, 6530, '299563-3020', '37', 2140, '2025-10-16'),
(6, 6530, '299563-3020', '37', 1547, '2025-10-20'),
(6, 6530, '299563-3020', '37', 2, '2025-10-21'),
(6, 6530, '299563-3020', '37', 1, '2025-10-22'),
(6, 6530, '299563-3020', '37', 3, '2025-10-23'),
(6, 6530, '299563-3020', '37', 4067, '2025-10-24'),
(6, 6530, '299563-3020', '37', 2, '2025-10-27'),
(6, 6530, '299563-3020', '37', 6046, '2025-10-28'),
(6, 6530, '299563-3020', NULL, 0, '2025-10-29'),
(6, 6530, '299563-3020', NULL, 5118, '2025-10-30'),
(6, 6530, '299563-3020', NULL, 0, '2025-10-31'),
(6, 6530, '299563-3020', NULL, 0, '2025-11-02'),
(6, 6530, '299563-3020', NULL, 5266, '2025-11-03'),
(6, 6530, '299563-3020', NULL, 5761, '2025-11-04'),
(6, 6530, '299563-3020', NULL, 5511, '2025-11-05'),
(6, 6530, '299563-3020', NULL, 0, '2025-11-06'),
(6, 6530, '299563-3020', NULL, 4225, '2025-11-07'),
(6, 6530, '299563-3020', NULL, 0, '2025-11-10'),
(6, 6530, '299563-3020', NULL, 5955, '2025-11-11'),
(6, 6532, '299577-3020', '38', 1854, '2025-10-16'),
(6, 6532, '299577-3020', '38', 5547, '2025-10-20'),
(6, 6532, '299577-3020', '38', 5091, '2025-10-21'),
(6, 6532, '299577-3020', '38', 5445, '2025-10-22'),
(6, 6532, '299577-3020', '38', 4407, '2025-10-23'),
(6, 6532, '299577-3020', '38', 3231, '2025-10-24'),
(6, 6532, '299577-3020', '38', 3231, '2025-10-27'),
(6, 6532, '299577-3020', '38', 5346, '2025-10-28'),
(6, 6532, '299577-3020', NULL, 3193, '2025-10-29'),
(6, 6532, '299577-3020', NULL, 5080, '2025-10-30'),
(6, 6532, '299577-3020', NULL, 2829, '2025-11-03'),
(6, 6532, '299577-3020', NULL, 5486, '2025-11-04'),
(6, 6532, '299577-3020', NULL, 5482, '2025-11-05'),
(6, 6532, '299577-3020', NULL, 5248, '2025-11-06'),
(6, 6532, '299577-3020', NULL, 5248, '2025-11-10'),
(6, 6532, '299577-3020', NULL, 4410, '2025-11-11'),
(6, 6533, '299577-3020', '37', 689, '2025-10-16'),
(6, 6533, '299577-3020', '37', 5703, '2025-10-20'),
(6, 6533, '299577-3020', '37', 3323, '2025-10-21'),
(6, 6533, '299577-3020', '37', 3062, '2025-10-22'),
(6, 6533, '299577-3020', '37', 840, '2025-10-23'),
(6, 6533, '299577-3020', '37', 1477, '2025-10-24'),
(6, 6533, '299577-3020', '37', 212, '2025-10-27'),
(6, 6533, '299577-3020', '37', 5747, '2025-10-28'),
(6, 6533, '299577-3020', NULL, 3469, '2025-10-29'),
(6, 6533, '299577-3020', NULL, 5653, '2025-10-30'),
(6, 6533, '299577-3020', NULL, 2823, '2025-11-03'),
(6, 6533, '299577-3020', NULL, 5804, '2025-11-04'),
(6, 6533, '299577-3020', NULL, 5885, '2025-11-05'),
(6, 6533, '299577-3020', NULL, 5615, '2025-11-06'),
(6, 6533, '299577-3020', NULL, 5615, '2025-11-10'),
(6, 6533, '299577-3020', NULL, 5403, '2025-11-11');

-- --------------------------------------------------------

--
-- テーブルの構造 `roles`
--

CREATE TABLE `roles` (
  `id` int(11) NOT NULL,
  `name` varchar(255) NOT NULL,
  `description` text DEFAULT NULL
) ENGINE=InnoDB DEFAULT CHARSET=utf8 COLLATE=utf8_unicode_ci;

--
-- テーブルのデータのダンプ `roles`
--

INSERT INTO `roles` (`id`, `name`, `description`) VALUES
(1, 'admin', NULL),
(2, 'leader', ''),
(3, 'staff', '');

-- --------------------------------------------------------

--
-- テーブルの構造 `role_permissions`
--

CREATE TABLE `role_permissions` (
  `role_id` int(11) NOT NULL,
  `permission_id` int(11) NOT NULL
) ENGINE=InnoDB DEFAULT CHARSET=utf8 COLLATE=utf8_unicode_ci;

--
-- テーブルのデータのダンプ `role_permissions`
--

INSERT INTO `role_permissions` (`role_id`, `permission_id`) VALUES
(1, 1),
(1, 2),
(1, 3),
(1, 4),
(1, 5),
(1, 6),
(1, 7),
(1, 8),
(1, 9),
(1, 10),
(1, 11),
(2, 11);

-- --------------------------------------------------------

--
-- テーブルの構造 `schedule_stop_machine_current`
--

CREATE TABLE `schedule_stop_machine_current` (
  `id` int(11) NOT NULL,
  `machine_status_history_id` int(11) NOT NULL COMMENT 'Id machine',
  `date_start` varchar(255) NOT NULL COMMENT 'Date start stop machine',
  `date_end` varchar(255) DEFAULT NULL COMMENT 'Date end stop machine',
  `shift` int(11) DEFAULT NULL COMMENT 'Shift top machine (1: day, 2: night)',
  `content` longtext NOT NULL COMMENT 'Reason stop machine',
  `created_at` timestamp NOT NULL DEFAULT current_timestamp() COMMENT 'Time create data',
  `updated_at` timestamp NOT NULL DEFAULT current_timestamp() ON UPDATE current_timestamp() COMMENT 'Time update data'
) ENGINE=InnoDB DEFAULT CHARSET=utf8 COLLATE=utf8_unicode_ci;

--
-- テーブルのデータのダンプ `schedule_stop_machine_current`
--

INSERT INTO `schedule_stop_machine_current` (`id`, `machine_status_history_id`, `date_start`, `date_end`, `shift`, `content`, `created_at`, `updated_at`) VALUES
(9, 53, '2025-10-30', '2025-12-31', NULL, 'stop', '2025-10-30 08:16:31', '2025-10-30 08:16:31');

-- --------------------------------------------------------

--
-- テーブルの構造 `schedule_stop_machine_history`
--

CREATE TABLE `schedule_stop_machine_history` (
  `id` int(11) NOT NULL,
  `machine_status_history_id` int(11) NOT NULL COMMENT 'Id machine',
  `date_start` varchar(255) NOT NULL COMMENT 'Date start stop machine',
  `date_end` varchar(255) DEFAULT NULL COMMENT 'Date end stop machine',
  `shift` int(11) DEFAULT NULL COMMENT 'Shift top machine (1: day, 2: night)',
  `content` longtext NOT NULL COMMENT 'Reason stop machine',
  `created_at` timestamp NOT NULL DEFAULT current_timestamp() COMMENT 'Time create data',
  `updated_at` timestamp NOT NULL DEFAULT current_timestamp() ON UPDATE current_timestamp() COMMENT 'Time update data'
) ENGINE=InnoDB DEFAULT CHARSET=utf8 COLLATE=utf8_unicode_ci;

--
-- テーブルのデータのダンプ `schedule_stop_machine_history`
--

INSERT INTO `schedule_stop_machine_history` (`id`, `machine_status_history_id`, `date_start`, `date_end`, `shift`, `content`, `created_at`, `updated_at`) VALUES
(1, 4, '2025-09-04', '2025-09-05', 1, 'demo', '2025-09-04 05:58:11', '2025-09-04 05:58:11'),
(2, 8, '2025-09-04', '2025-09-05', NULL, 'abc', '2025-09-04 06:00:09', '2025-09-04 06:00:09'),
(3, 4, '2025-09-05', '2025-09-06', NULL, 'aaa', '2025-09-05 03:00:27', '2025-09-05 03:00:27'),
(4, 8, '2025-09-05', '2025-09-06', NULL, 'test', '2025-09-05 07:04:48', '2025-09-05 07:04:48'),
(5, 8, '2025-09-09', '2025-09-10', NULL, 'demo', '2025-09-09 07:23:38', '2025-09-09 07:23:38'),
(6, 53, '2025-09-22', '2025-09-26', NULL, 'test', '2025-09-22 06:34:28', '2025-09-22 06:34:28'),
(7, 63, '2025-10-02', '2025-10-03', NULL, 'no connect', '2025-10-01 23:19:00', '2025-10-01 23:19:00'),
(8, 53, '2025-10-30', '2025-12-31', NULL, 'stopline', '2025-10-30 07:26:47', '2025-10-30 07:26:47'),
(9, 53, '2025-10-30', '2025-12-31', NULL, 'stop', '2025-10-30 08:16:31', '2025-10-30 08:16:31'),
(10, 52, '2025-11-12', '2025-11-13', NULL, 'test', '2025-11-12 08:28:26', '2025-11-12 08:28:26');

-- --------------------------------------------------------

--
-- テーブルの構造 `users`
--

CREATE TABLE `users` (
  `id` int(11) NOT NULL,
  `user_name` varchar(11) NOT NULL COMMENT 'Mã số nhân viên',
  `first_name` varchar(20) NOT NULL COMMENT 'Tên nhân viên',
  `last_name` varchar(50) NOT NULL COMMENT 'Họ và tên lót',
  `email` varchar(50) NOT NULL COMMENT 'Địa chỉ email',
  `password` varchar(100) NOT NULL COMMENT 'Mật khẩu',
  `status` varchar(11) NOT NULL DEFAULT 'active' COMMENT 'Trạng thái tài khoản',
  `phone_number` varchar(20) DEFAULT NULL COMMENT 'Số điện thoại',
  `avatar` varchar(100) DEFAULT NULL COMMENT 'Hình ảnh đại diện',
  `created_at` timestamp NOT NULL DEFAULT current_timestamp() COMMENT 'Thời gian khởi tạo',
  `department_id` int(11) DEFAULT NULL,
  `position_id` int(11) DEFAULT NULL
) ENGINE=InnoDB DEFAULT CHARSET=utf8 COLLATE=utf8_unicode_ci;

--
-- テーブルのデータのダンプ `users`
--

INSERT INTO `users` (`id`, `user_name`, `first_name`, `last_name`, `email`, `password`, `status`, `phone_number`, `avatar`, `created_at`, `department_id`, `position_id`) VALUES
(1, 'kuwa', 'Masahiro', 'Takakuwa', 'm-takakuwa@marueimiyazaki.jp', '$2b$12$Z6l/mhIQF5rOtPZKuN8YyOUVEUEefnT3OFW6gsCUSOU4lnavyxlJu', 'active', NULL, NULL, '2025-09-04 03:14:38', 1, NULL),
(2, '4685', 'Luan', 'Tran', 'luan@marueivn.com', '$2b$12$52EhxJeOyI6RxZTgj6UkQudcxBYT.0ce6K4fx470DtyTr1WMQCKoO', 'active', '0932797360', '', '2025-09-04 03:50:00', 3, 1),
(3, '0000', 'guest', 'common', 'abc@gmai.com', '$2b$12$Yx7VRWPrCBej7Zw3IeGmmOaNO9fFts9b7qynDI1gwyxVv/fw7F46.', 'active', '', '', '2025-09-09 06:10:34', 3, NULL),
(4, 'demo', 'demo', 'test', 'efg@gmail.com', '$2b$12$flZ2qvV4a7HYrd/J2MyGA.vGxTb0DIvKYXT8UEylM6HjM.GLs.1cq', 'active', '', '', '2025-09-09 07:25:35', NULL, NULL);

-- --------------------------------------------------------

--
-- テーブルの構造 `user_roles`
--

CREATE TABLE `user_roles` (
  `user_id` int(11) NOT NULL,
  `role_id` int(11) NOT NULL
) ENGINE=InnoDB DEFAULT CHARSET=utf8 COLLATE=utf8_unicode_ci;

--
-- テーブルのデータのダンプ `user_roles`
--

INSERT INTO `user_roles` (`user_id`, `role_id`) VALUES
(1, 1),
(3, 2),
(4, 3);

-- --------------------------------------------------------

--
-- テーブルの構造 `user_tokens`
--

CREATE TABLE `user_tokens` (
  `id` int(11) NOT NULL,
  `refresh_token` text NOT NULL,
  `user_agent` varchar(255) DEFAULT NULL,
  `ip_address` varchar(255) DEFAULT NULL,
  `expired_at` timestamp NOT NULL DEFAULT current_timestamp() ON UPDATE current_timestamp(),
  `created_at` datetime(6) NOT NULL DEFAULT current_timestamp(6),
  `updated_at` datetime(6) NOT NULL DEFAULT current_timestamp(6) ON UPDATE current_timestamp(6),
  `revoked` tinyint(4) NOT NULL DEFAULT 0,
  `userId` int(11) DEFAULT NULL
) ENGINE=InnoDB DEFAULT CHARSET=utf8 COLLATE=utf8_unicode_ci;

--
-- テーブルのデータのダンプ `user_tokens`
--

INSERT INTO `user_tokens` (`id`, `refresh_token`, `user_agent`, `ip_address`, `expired_at`, `created_at`, `updated_at`, `revoked`, `userId`) VALUES
(1, '$2b$10$LXX6SQPn9jrZTouV9fTax.ODofUj17UoR2m6izDmKfcgTzbsKCSIi', 'PostmanRuntime/7.45.0', '::1', '2025-09-19 09:25:03', '2025-09-04 12:21:06.584352', '2025-09-19 18:25:03.000000', 1, 1),
(2, '$2b$10$y.eP8AXdzEc5AH3EMRBVDu7rFk4mWx9ANx5fPwMnqKp3ZP8v5NZzS', 'Mozilla/5.0 (Windows NT 10.0; Win64; x64) AppleWebKit/537.36 (KHTML, like Gecko) Chrome/139.0.0.0 Safari/537.36 Edg/139.0.0.0', '::1', '2025-09-04 03:44:05', '2025-09-04 12:23:46.658738', '2025-09-04 12:44:05.000000', 1, 1),
(3, '$2b$10$c6.T0taXdvlDrIsHTqhQUuYI7YF9U8RjrHI7D2tGN0mzSbN56LEjS', 'Mozilla/5.0 (Windows NT 10.0; Win64; x64) AppleWebKit/537.36 (KHTML, like Gecko) Chrome/139.0.0.0 Safari/537.36 Edg/139.0.0.0', '::1', '2025-09-04 03:49:19', '2025-09-04 12:47:10.414556', '2025-09-04 12:49:19.000000', 1, 1),
(4, '$2b$10$AVujyfFMOG8XOaDnexycIOuZYZ6dnqcsVqYKjAd2.h/rV88sPKwji', 'Mozilla/5.0 (Windows NT 10.0; Win64; x64) AppleWebKit/537.36 (KHTML, like Gecko) Chrome/139.0.0.0 Safari/537.36 Edg/139.0.0.0', '::1', '2025-09-04 03:51:15', '2025-09-04 12:50:58.142616', '2025-09-04 12:51:15.000000', 1, 2),
(5, '$2b$10$KLbSD5TzqBFr0Sr/d3EIreqUwZQ2VFYE33ShFbxVsUr.3VYjqXOyW', 'Mozilla/5.0 (Windows NT 10.0; Win64; x64) AppleWebKit/537.36 (KHTML, like Gecko) Chrome/139.0.0.0 Safari/537.36 Edg/139.0.0.0', '::1', '2025-09-05 00:55:58', '2025-09-04 14:57:08.456467', '2025-09-05 09:55:58.000000', 1, 1),
(6, '$2b$10$XNWurH9QoYEJ8Qfj/JkW2eW.Sumc0gmvahN7Yn3txcv7EyaF2JNpG', 'PostmanRuntime/7.45.0', '::1', '2025-09-04 06:47:56', '2025-09-04 15:45:06.385086', '2025-09-04 15:47:56.000000', 1, 1),
(7, '$2b$10$L8.glksBbcd1zOdLT2p/k.HJRXXdyusKKYfUuUbyvSpW1VDYgGFNW', 'PostmanRuntime/7.45.0', '::1', '2025-09-19 09:25:03', '2025-09-04 15:49:14.663958', '2025-09-19 18:25:03.000000', 1, 1),
(8, '$2b$10$SVlLzxbAqjDoKS6HlR6LLeOCu2Hn4gKzrHBcrMJJn8EAv73oaRcPq', 'Mozilla/5.0 (Windows NT 10.0; Win64; x64) AppleWebKit/537.36 (KHTML, like Gecko) Chrome/139.0.0.0 Safari/537.36 Edg/139.0.0.0', '::1', '2025-09-05 00:57:32', '2025-09-05 09:55:58.147127', '2025-09-05 09:57:32.000000', 1, 1),
(9, '$2b$10$i2ryGC5sKiCBbDq4h8.3Je4iLxq.dWvgBUAXIKNo9oII1jpLbPLCW', 'Mozilla/5.0 (Windows NT 10.0; Win64; x64) AppleWebKit/537.36 (KHTML, like Gecko) Chrome/139.0.0.0 Safari/537.36 Edg/139.0.0.0', '::1', '2025-09-05 02:47:12', '2025-09-05 09:57:46.745820', '2025-09-05 11:47:12.000000', 1, 1),
(10, '$2b$10$4ER9cVIr1pAkYVKulHE4Ju2apkx3O8mfpSKjmVPMrmoIrr9iJeYuG', 'Mozilla/5.0 (Windows NT 10.0; Win64; x64) AppleWebKit/537.36 (KHTML, like Gecko) Chrome/139.0.0.0 Safari/537.36 Edg/139.0.0.0', '::1', '2025-09-05 07:02:23', '2025-09-05 11:47:12.471630', '2025-09-05 16:02:23.000000', 1, 1),
(11, '$2b$10$VpxAsnZMHoGjZc6ZbRMD3eBAxtoBaehffc8OZwtysFYVDsYz0P7D6', 'Mozilla/5.0 (Windows NT 10.0; Win64; x64) AppleWebKit/537.36 (KHTML, like Gecko) Chrome/139.0.0.0 Safari/537.36 Edg/139.0.0.0', '::1', '2025-09-08 08:02:18', '2025-09-05 16:02:23.610326', '2025-09-08 17:02:18.000000', 1, 1),
(12, '$2b$10$qyMNHncZmSX/DdVyZNq6TOiQAL9nVrEDpgQluJ23Ayn/8C.h953Z.', 'Mozilla/5.0 (Windows NT 10.0; Win64; x64) AppleWebKit/537.36 (KHTML, like Gecko) Chrome/140.0.0.0 Safari/537.36 Edg/140.0.0.0', '::1', '2025-09-08 08:02:27', '2025-09-08 17:02:18.897693', '2025-09-08 17:02:27.000000', 1, 1),
(13, '$2b$10$l5ktECOOWgf1ZmdP0W7EP..1MppIr7ArHRua4h373Y4v1NhyLGTEK', 'Mozilla/5.0 (Windows NT 10.0; Win64; x64) AppleWebKit/537.36 (KHTML, like Gecko) Chrome/140.0.0.0 Safari/537.36 Edg/140.0.0.0', '::1', '2025-09-09 05:57:03', '2025-09-09 14:55:36.694342', '2025-09-09 14:57:03.000000', 1, 1),
(14, '$2b$10$kLZkZsiGJn7tVSglvAosuOL9zd27L8KjppM1tt0kQxK3uYaGHbOLe', 'Mozilla/5.0 (Windows NT 10.0; Win64; x64) AppleWebKit/537.36 (KHTML, like Gecko) Chrome/140.0.0.0 Safari/537.36 Edg/140.0.0.0', '::1', '2025-09-09 06:11:05', '2025-09-09 14:57:16.288480', '2025-09-09 15:11:05.000000', 1, 1),
(15, '$2b$10$dGKJFmtwBSOu2v.88L75Su/Q0Z24EKDQ707s4fKm4FAUFg5o25jj.', 'PostmanRuntime/7.45.0', '::1', '2025-09-19 09:25:03', '2025-09-09 15:07:44.604398', '2025-09-19 18:25:03.000000', 1, 1),
(16, '$2b$10$ys6BQOW8JZ1cnXX7eAk4euwqe16yqcdfQqkWzluVpVCa6e6T69z2i', 'Mozilla/5.0 (Windows NT 10.0; Win64; x64) AppleWebKit/537.36 (KHTML, like Gecko) Chrome/140.0.0.0 Safari/537.36 Edg/140.0.0.0', '::1', '2025-09-09 07:15:43', '2025-09-09 15:11:10.364473', '2025-09-09 16:15:43.000000', 1, 3),
(17, '$2b$10$FltnIRvatluG.pnnAeyUCOAnQgsHeh6vH6247wo1wSTFnewqJTP76', 'Mozilla/5.0 (Windows NT 10.0; Win64; x64) AppleWebKit/537.36 (KHTML, like Gecko) Chrome/140.0.0.0 Safari/537.36 Edg/140.0.0.0', '::1', '2025-09-09 07:15:46', '2025-09-09 16:15:43.704473', '2025-09-09 16:15:46.000000', 1, 3),
(18, '$2b$10$bdHeYooXpChNT559/Hh9KeQ9VzOlKukSDhoHhtIBdwWr7xn1chs9i', 'Mozilla/5.0 (Windows NT 10.0; Win64; x64) AppleWebKit/537.36 (KHTML, like Gecko) Chrome/140.0.0.0 Safari/537.36 Edg/140.0.0.0', '::1', '2025-09-09 07:27:29', '2025-09-09 16:16:16.063130', '2025-09-09 16:27:29.000000', 1, 1),
(19, '$2b$10$ipIBiABip.AYB.kPbdaUOul8L7ldQK7IsARKJcK76aJGeAjTe7nnu', 'Mozilla/5.0 (Windows NT 10.0; Win64; x64) AppleWebKit/537.36 (KHTML, like Gecko) Chrome/140.0.0.0 Safari/537.36 Edg/140.0.0.0', '::1', '2025-09-09 07:30:36', '2025-09-09 16:27:47.088044', '2025-09-09 16:30:36.000000', 1, 4),
(20, '$2b$10$HUn/KA4id6bG33B80rH1A.1GUNGxE0U7uuwOB3IglTldXzuExgha6', 'Mozilla/5.0 (Windows NT 10.0; Win64; x64) AppleWebKit/537.36 (KHTML, like Gecko) Chrome/140.0.0.0 Safari/537.36 Edg/140.0.0.0', '::1', '2025-09-09 09:27:49', '2025-09-09 16:30:42.621649', '2025-09-09 18:27:49.000000', 1, 3),
(21, '$2b$10$uSZBSkHEUYQfOj7QY8fwOeUuZ8YOfcPjSnk/kwOyA.7amDEalPKzS', 'Mozilla/5.0 (Windows NT 10.0; Win64; x64) AppleWebKit/537.36 (KHTML, like Gecko) Chrome/140.0.0.0 Safari/537.36 Edg/140.0.0.0', '::1', '2025-09-10 03:42:59', '2025-09-09 18:27:49.570662', '2025-09-10 12:42:59.000000', 1, 3),
(22, '$2b$10$w5HZH.Fx2ZuuwK5gDNFnZ.v8t6.pdElHSOXS6Vosp0MxlRaO8S7he', 'Mozilla/5.0 (Windows NT 10.0; Win64; x64) AppleWebKit/537.36 (KHTML, like Gecko) Chrome/140.0.0.0 Safari/537.36 Edg/140.0.0.0', '::1', '2025-09-10 07:20:20', '2025-09-10 12:43:00.058632', '2025-09-10 16:20:20.000000', 1, 3),
(23, '$2b$10$3Q3z7v2a3WKVTL518.KtD.QF9QzU7PXV/HLJ2AHPI5/CqL04VXL2K', 'Mozilla/5.0 (Windows NT 10.0; Win64; x64) AppleWebKit/537.36 (KHTML, like Gecko) Chrome/140.0.0.0 Safari/537.36 Edg/140.0.0.0', '::1', '2025-09-10 07:59:44', '2025-09-10 16:20:20.840815', '2025-09-10 16:59:44.000000', 1, 3),
(24, '$2b$10$khKpTkcqWzSWOiILPTWsbOj1zELAJinRebzNxk2MeQ8DUPlGc3RuO', 'Mozilla/5.0 (Windows NT 10.0; Win64; x64) AppleWebKit/537.36 (KHTML, like Gecko) Chrome/140.0.0.0 Safari/537.36 Edg/140.0.0.0', '::1', '2025-09-11 02:58:03', '2025-09-10 16:59:44.905204', '2025-09-11 11:58:03.000000', 1, 3),
(25, '$2b$10$0.fla8lVnjUTDnu32V2CzeL.XBcYz7FjAEXzxPfICqVkMczqKEXkG', 'Mozilla/5.0 (Windows NT 10.0; Win64; x64) AppleWebKit/537.36 (KHTML, like Gecko) Chrome/140.0.0.0 Safari/537.36 Edg/140.0.0.0', '::1', '2025-09-11 03:31:33', '2025-09-11 11:58:03.327654', '2025-09-11 12:31:33.000000', 1, 3),
(26, '$2b$10$VLEILAQDbkBWJ7z.met4rOrV427egCk6qOIRGk7I.BK.9p03vjy7.', 'Mozilla/5.0 (Windows NT 10.0; Win64; x64) AppleWebKit/537.36 (KHTML, like Gecko) Chrome/140.0.0.0 Safari/537.36 Edg/140.0.0.0', '::1', '2025-09-11 05:36:23', '2025-09-11 12:31:33.967396', '2025-09-11 14:36:23.000000', 1, 3),
(27, '$2b$10$WNq0BuiPlr.BNTToBiaY3usQgOjWLfKEPqv9.nuNJ4HYIUmD/ehyS', 'Mozilla/5.0 (Windows NT 10.0; Win64; x64) AppleWebKit/537.36 (KHTML, like Gecko) Chrome/140.0.0.0 Safari/537.36 Edg/140.0.0.0', '::1', '2025-09-11 06:28:47', '2025-09-11 14:36:23.613202', '2025-09-11 15:28:47.000000', 1, 3),
(28, '$2b$10$dHELPtMYvYgF6gLeGwDpneAk0jVSjVX/b/XNHmtWeM8NI1mewhrGS', 'Mozilla/5.0 (Windows NT 10.0; Win64; x64) AppleWebKit/537.36 (KHTML, like Gecko) Chrome/140.0.0.0 Safari/537.36 Edg/140.0.0.0', '::1', '2025-09-11 06:58:57', '2025-09-11 15:28:47.405593', '2025-09-11 15:58:57.000000', 1, 3),
(29, '$2b$10$pqXoS8iz.pvaOcDEiaW34.FYrVWvU7ZIywBDX8g2FObTS3fjISmEC', 'Mozilla/5.0 (Windows NT 10.0; Win64; x64) AppleWebKit/537.36 (KHTML, like Gecko) Chrome/140.0.0.0 Safari/537.36 Edg/140.0.0.0', '::1', '2025-09-11 07:35:16', '2025-09-11 15:58:57.587417', '2025-09-11 16:35:16.000000', 1, 3),
(30, '$2b$10$MF/3lQasGNlSlnFshywP0O5VurYQUpAaC8tp6j9tIEyb3DSA1.mu6', 'Mozilla/5.0 (Windows NT 10.0; Win64; x64) AppleWebKit/537.36 (KHTML, like Gecko) Chrome/140.0.0.0 Safari/537.36 Edg/140.0.0.0', '::1', '2025-09-11 08:28:27', '2025-09-11 16:35:16.665817', '2025-09-11 17:28:27.000000', 1, 3),
(31, '$2b$10$ie29VvW9KdOjx9.CzTj36uQr3.2vEyMghcWH4E5ynQPRp7b1aOqp2', 'Mozilla/5.0 (Windows NT 10.0; Win64; x64) AppleWebKit/537.36 (KHTML, like Gecko) Chrome/140.0.0.0 Safari/537.36 Edg/140.0.0.0', '::1', '2025-09-11 08:58:36', '2025-09-11 17:28:27.446215', '2025-09-11 17:58:36.000000', 1, 3),
(32, '$2b$10$J20rIaz5CdUNkVK5zJoJLOzbtHI2G7pWkivvkkWoW3571auW7pI9C', 'Mozilla/5.0 (Windows NT 10.0; Win64; x64) AppleWebKit/537.36 (KHTML, like Gecko) Chrome/140.0.0.0 Safari/537.36 Edg/140.0.0.0', '::1', '2025-09-11 09:33:45', '2025-09-11 17:58:36.358806', '2025-09-11 18:33:45.000000', 1, 3),
(33, '$2b$10$An7YvQGDr36g/WB7pCYt8eQGgQVmp7uBcRlXgoZC8fAy.8BmhTuxi', 'Mozilla/5.0 (Windows NT 10.0; Win64; x64) AppleWebKit/537.36 (KHTML, like Gecko) Chrome/140.0.0.0 Safari/537.36 Edg/140.0.0.0', '::1', '2025-09-12 01:22:02', '2025-09-11 18:33:45.466001', '2025-09-12 10:22:02.000000', 1, 3),
(34, '$2b$10$HjSIdDi7PcHDqXVzoRgT0.Oa6gL3.uimwz/wg0BnesDSUZpjIU62W', 'Mozilla/5.0 (Windows NT 10.0; Win64; x64) AppleWebKit/537.36 (KHTML, like Gecko) Chrome/140.0.0.0 Safari/537.36 Edg/140.0.0.0', '::1', '2025-09-12 02:46:11', '2025-09-12 10:22:03.156046', '2025-09-12 11:46:11.000000', 1, 3),
(35, '$2b$10$MqqpLy4SS2ZHYv6h1FMgWeQdszjkB4xz.bDY3qs/tRVdtpj1GMURG', 'Mozilla/5.0 (Windows NT 10.0; Win64; x64) AppleWebKit/537.36 (KHTML, like Gecko) Chrome/140.0.0.0 Safari/537.36 Edg/140.0.0.0', '::1', '2025-09-12 03:49:00', '2025-09-12 11:46:11.800791', '2025-09-12 12:49:00.000000', 1, 3),
(36, '$2b$10$1HwBK8vsiOmV.qhPKrbIkeDRnFYwtsid1LR.E5JvFGbXFTzXUUsgu', 'Mozilla/5.0 (Windows NT 10.0; Win64; x64) AppleWebKit/537.36 (KHTML, like Gecko) Chrome/140.0.0.0 Safari/537.36 Edg/140.0.0.0', '::1', '2025-09-12 04:35:00', '2025-09-12 12:49:00.492290', '2025-09-12 13:35:00.000000', 1, 3),
(37, '$2b$10$5Grl7qJfnbZBWvzq6AlgUuaMvGSphV5tJSkxSr11safmOp6Ho6Bce', 'Mozilla/5.0 (Windows NT 10.0; Win64; x64) AppleWebKit/537.36 (KHTML, like Gecko) Chrome/140.0.0.0 Safari/537.36 Edg/140.0.0.0', '::1', '2025-09-12 05:32:26', '2025-09-12 13:35:00.667268', '2025-09-12 14:32:26.000000', 1, 3),
(38, '$2b$10$Fe.b1ZzPPJcX./zOQ87lvu5SrUZk/jWXTmQrk9JxwSiugNHbYgNIe', 'Mozilla/5.0 (Windows NT 10.0; Win64; x64) AppleWebKit/537.36 (KHTML, like Gecko) Chrome/140.0.0.0 Safari/537.36 Edg/140.0.0.0', '::1', '2025-09-12 06:34:47', '2025-09-12 14:32:26.342236', '2025-09-12 15:34:47.000000', 1, 3),
(39, '$2b$10$cWmS4vgAKAJyLRPoUpdfruxrhCWrFIDaSyCMTGv05.FjIonTEU0/G', 'Mozilla/5.0 (Windows NT 10.0; Win64; x64) AppleWebKit/537.36 (KHTML, like Gecko) Chrome/140.0.0.0 Safari/537.36 Edg/140.0.0.0', '::1', '2025-09-15 02:43:34', '2025-09-12 15:34:47.420205', '2025-09-15 11:43:34.000000', 1, 3),
(40, '$2b$10$RY2emxYUxpEmFS6Q8O/kWOLAxNcA5RsOViPKCWT3CiPDSjwLHaXf6', 'Mozilla/5.0 (Windows NT 10.0; Win64; x64) AppleWebKit/537.36 (KHTML, like Gecko) Chrome/140.0.0.0 Safari/537.36 Edg/140.0.0.0', '::1', '2025-09-15 04:28:24', '2025-09-15 11:43:34.559871', '2025-09-15 13:28:24.000000', 1, 3),
(41, '$2b$10$qhYXC2gFbjrp9wG3AD./Nu5fcHAfDWbw6UB6dIT4/9YbxWJWfyAna', 'Mozilla/5.0 (Windows NT 10.0; Win64; x64) AppleWebKit/537.36 (KHTML, like Gecko) Chrome/140.0.0.0 Safari/537.36 Edg/140.0.0.0', '::1', '2025-09-15 08:15:54', '2025-09-15 13:28:24.200953', '2025-09-15 17:15:54.000000', 1, 3),
(42, '$2b$10$N6M.UWtk6yGzZddLW6oVlegexqRhTJVu6UDYeBX4BjHAbt/R/qhfe', 'Mozilla/5.0 (Windows NT 10.0; Win64; x64) AppleWebKit/537.36 (KHTML, like Gecko) Chrome/140.0.0.0 Safari/537.36 Edg/140.0.0.0', '::1', '2025-09-15 09:21:28', '2025-09-15 17:15:54.715346', '2025-09-15 18:21:28.000000', 1, 3),
(43, '$2b$10$l6eu6GAVv5E/vnfKAKhOQuY6hq3gXc/nhDXuLSnrBOdyQUd3Wle8u', 'Mozilla/5.0 (Windows NT 10.0; Win64; x64) AppleWebKit/537.36 (KHTML, like Gecko) Chrome/140.0.0.0 Safari/537.36 Edg/140.0.0.0', '::1', '2025-09-15 09:51:42', '2025-09-15 18:21:28.133614', '2025-09-15 18:51:42.000000', 1, 3),
(44, '$2b$10$GFuZIdiTQGBmYDnJAvNRM.T6KUTorHpSNdg4eKCvQ8PCTESQxrCK6', 'Mozilla/5.0 (Windows NT 10.0; Win64; x64) AppleWebKit/537.36 (KHTML, like Gecko) Chrome/140.0.0.0 Safari/537.36 Edg/140.0.0.0', '::1', '2025-09-16 03:15:06', '2025-09-15 18:51:42.373399', '2025-09-16 12:15:06.000000', 1, 3),
(45, '$2b$10$9iBxqVWKGYId5/2kfJXUm.PUXXeMVcPev3OCJWmWZQgDqke4sf7La', 'Mozilla/5.0 (Windows NT 10.0; Win64; x64) AppleWebKit/537.36 (KHTML, like Gecko) Chrome/140.0.0.0 Safari/537.36 Edg/140.0.0.0', '::1', '2025-09-16 04:10:16', '2025-09-16 12:15:06.940917', '2025-09-16 13:10:16.000000', 1, 3),
(46, '$2b$10$Xs5e5gjGo/mQCiGW/2p/G.kztauPiQ0RCRME0/keTJviielYvXBm.', 'Mozilla/5.0 (Windows NT 10.0; Win64; x64) AppleWebKit/537.36 (KHTML, like Gecko) Chrome/140.0.0.0 Safari/537.36 Edg/140.0.0.0', '::1', '2025-09-16 08:48:38', '2025-09-16 13:10:16.507763', '2025-09-16 17:48:38.000000', 1, 3),
(47, '$2b$10$uSCnQpfAvBvR24JeOJ48BuGp4INBgXxfrI0EeC63Tms6ZthkQzghO', 'Mozilla/5.0 (Windows NT 10.0; Win64; x64) AppleWebKit/537.36 (KHTML, like Gecko) Chrome/140.0.0.0 Safari/537.36 Edg/140.0.0.0', '::1', '2025-09-19 08:50:22', '2025-09-16 17:48:38.723308', '2025-09-19 17:50:22.000000', 1, 3),
(48, '$2b$10$a8H.GQgYSWp4A/bR753OmOd/Aptyg46thGqcxpdfaep20f2yHzvA6', 'Mozilla/5.0 (Windows NT 10.0; Win64; x64) AppleWebKit/537.36 (KHTML, like Gecko) Chrome/140.0.0.0 Safari/537.36 Edg/140.0.0.0', '::1', '2025-09-19 08:50:27', '2025-09-19 17:50:22.681035', '2025-09-19 17:50:27.000000', 1, 3),
(49, '$2b$10$3wrJI6ntNxtvKvcJRIPjLuLKnlBZTPfRZnn5ngNAZvX762C77wD6e', 'Mozilla/5.0 (Windows NT 10.0; Win64; x64) AppleWebKit/537.36 (KHTML, like Gecko) Chrome/140.0.0.0 Safari/537.36 Edg/140.0.0.0', '::1', '2025-09-19 09:25:03', '2025-09-19 17:50:59.168234', '2025-09-19 18:25:03.000000', 1, 1),
(50, '$2b$10$qiI.QkPcfA6Bzo5p4qWEZOQKgHHidPS0/mggBHDi/7GgOS8P8N7we', 'Mozilla/5.0 (Windows NT 10.0; Win64; x64) AppleWebKit/537.36 (KHTML, like Gecko) Chrome/140.0.0.0 Safari/537.36 Edg/140.0.0.0', '::1', '2025-09-22 06:31:38', '2025-09-19 18:25:03.830322', '2025-09-22 15:31:38.000000', 1, 1),
(51, '$2b$10$rf62MJCwQIUtDq9lwaGRK.KNhllbPSKi3rbEgSSyaoLqb8e3QGRQS', 'Mozilla/5.0 (Windows NT 10.0; Win64; x64) AppleWebKit/537.36 (KHTML, like Gecko) Chrome/140.0.0.0 Safari/537.36 Edg/140.0.0.0', '::1', '2025-09-23 09:11:55', '2025-09-22 15:31:38.457989', '2025-09-23 18:11:55.000000', 1, 1),
(52, '$2b$10$YmbzzjW5jOoTgOgMBSeJ1OnH0FOs/riC9yZng/Ev6hZpyvcBge7OS', 'Mozilla/5.0 (Windows NT 10.0; Win64; x64) AppleWebKit/537.36 (KHTML, like Gecko) Chrome/140.0.0.0 Safari/537.36 Edg/140.0.0.0', '::1', '2025-09-24 03:28:15', '2025-09-23 18:11:55.386247', '2025-09-24 12:28:15.000000', 1, 1),
(53, '$2b$10$MPbDwKqfRMYyfK65mYnkq.74t0.3ZHvZq/lI9mvSwo7j5vcDs0gN2', 'Mozilla/5.0 (Windows NT 10.0; Win64; x64) AppleWebKit/537.36 (KHTML, like Gecko) Chrome/140.0.0.0 Safari/537.36 Edg/140.0.0.0', '::1', '2025-09-24 05:40:03', '2025-09-24 12:28:15.611846', '2025-09-24 14:40:03.000000', 1, 1),
(54, '$2b$10$GwSdSSGqGwkVpGt0.EhLvulIaj2eP.Gq.X45B193CQcvdFvJ/lukq', 'Mozilla/5.0 (Windows NT 10.0; Win64; x64) AppleWebKit/537.36 (KHTML, like Gecko) Chrome/140.0.0.0 Safari/537.36 Edg/140.0.0.0', '::1', '2025-09-24 06:19:07', '2025-09-24 14:40:03.123105', '2025-09-24 15:19:07.000000', 1, 1),
(55, '$2b$10$Dm.YJ0kNNhAdaPfBJGLhJO43Aa6lOjhZ1obUsd8dB1t8XRdfq.QjS', 'Mozilla/5.0 (Windows NT 10.0; Win64; x64) AppleWebKit/537.36 (KHTML, like Gecko) Chrome/140.0.0.0 Safari/537.36 Edg/140.0.0.0', '::1', '2025-09-25 06:36:10', '2025-09-24 15:19:07.270346', '2025-09-25 15:36:10.000000', 1, 1),
(56, '$2b$10$TlzMoh5aKU.WIVhFPbdyDeOiGzbjmc/HalQ.GPsgybmNwyrZCznOS', 'Mozilla/5.0 (Windows NT 10.0; Win64; x64) AppleWebKit/537.36 (KHTML, like Gecko) Chrome/140.0.0.0 Safari/537.36 Edg/140.0.0.0', '::1', '2025-09-25 07:07:31', '2025-09-25 15:36:10.139721', '2025-09-25 16:07:31.000000', 1, 1),
(57, '$2b$10$ox45K7hrqs2/xeGqLO9XueeLGjCfx3XpaJ1CfpHPXNKIjrl6L/n3.', 'Mozilla/5.0 (Windows NT 10.0; Win64; x64) AppleWebKit/537.36 (KHTML, like Gecko) Chrome/140.0.0.0 Safari/537.36 Edg/140.0.0.0', '::1', '2025-09-26 03:51:00', '2025-09-25 16:07:32.020982', '2025-09-26 12:51:00.000000', 1, 1),
(58, '$2b$10$6S9qQfHcpCpmfxCX0aCBV.BZY3t.qU1AFQin/UMALCkwliRWlTl/i', 'Mozilla/5.0 (Windows NT 10.0; Win64; x64) AppleWebKit/537.36 (KHTML, like Gecko) Chrome/140.0.0.0 Safari/537.36 Edg/140.0.0.0', '::1', '2025-09-26 04:21:10', '2025-09-26 12:51:00.195273', '2025-09-26 13:21:10.000000', 1, 1),
(59, '$2b$10$MFFqjaVuDHNjLCOQA7KnauCy8QWA4mZtBqKxJfjje4CPpsaqh/PBK', 'Mozilla/5.0 (Windows NT 10.0; Win64; x64) AppleWebKit/537.36 (KHTML, like Gecko) Chrome/140.0.0.0 Safari/537.36 Edg/140.0.0.0', '::1', '2025-09-26 04:51:13', '2025-09-26 13:21:10.767849', '2025-09-26 13:51:13.000000', 1, 1),
(60, '$2b$10$voB2Bn/9CS2B6hbQAMbcUuXBUSf4w3v4QL.S3PVB6VRICZvFqcfqe', 'Mozilla/5.0 (Windows NT 10.0; Win64; x64) AppleWebKit/537.36 (KHTML, like Gecko) Chrome/140.0.0.0 Safari/537.36 Edg/140.0.0.0', '::1', '2025-09-26 06:05:47', '2025-09-26 13:51:13.251562', '2025-09-26 15:05:47.000000', 1, 1),
(61, '$2b$10$zTlrwAO8ghn2EI8.tkW7GeMGMGgACDFof76VMpBjOxL.78hzP2VPi', 'Mozilla/5.0 (Windows NT 10.0; Win64; x64) AppleWebKit/537.36 (KHTML, like Gecko) Chrome/140.0.0.0 Safari/537.36 Edg/140.0.0.0', '::1', '2025-09-29 07:50:00', '2025-09-26 15:05:47.262217', '2025-09-29 16:50:00.000000', 1, 1),
(62, '$2b$10$bNpSMlj7jikTO52YVunrEuLnV5zOnd.UGA2w2HuZYaH1PEp8plkGW', 'Mozilla/5.0 (Windows NT 10.0; Win64; x64) AppleWebKit/537.36 (KHTML, like Gecko) Chrome/140.0.0.0 Safari/537.36 Edg/140.0.0.0', '::1', '2025-10-01 23:10:43', '2025-09-29 16:50:00.504754', '2025-10-02 08:10:43.000000', 1, 1),
(63, '$2b$10$SDEwptKVdGZvqKpQNPsG9.N3x3g723PYo4jsXJOZ.wbdiP0bCAsTK', 'Mozilla/5.0 (Windows NT 10.0; Win64; x64) AppleWebKit/537.36 (KHTML, like Gecko) Chrome/140.0.0.0 Safari/537.36 Edg/140.0.0.0', '::1', '2025-10-02 00:47:42', '2025-10-02 08:10:43.371880', '2025-10-02 09:47:42.000000', 1, 1),
(64, '$2b$10$gBiTbzHnMXK52NMBasiJXOhFvDiz166gExioWG0jDYZTRr974icPW', 'Mozilla/5.0 (Windows NT 10.0; Win64; x64) AppleWebKit/537.36 (KHTML, like Gecko) Chrome/140.0.0.0 Safari/537.36 Edg/140.0.0.0', '::1', '2025-10-02 07:51:20', '2025-10-02 09:47:42.810174', '2025-10-02 16:51:20.000000', 1, 1),
(65, '$2b$10$96oLhpCzuU6FI3aqAWsGQ.7oSAxGENNVzX9mhQ/3COvxDbMF1wU4S', 'Mozilla/5.0 (Windows NT 10.0; Win64; x64) AppleWebKit/537.36 (KHTML, like Gecko) Chrome/140.0.0.0 Safari/537.36 Edg/140.0.0.0', '::1', '2025-10-03 06:25:42', '2025-10-02 16:51:20.619226', '2025-10-03 15:25:42.000000', 1, 1),
(66, '$2b$10$DkkgpYh.pX5HrHzb8IIg3.80gOpQMDxuhHAK3QIdncn7Im0s5nWqW', 'Mozilla/5.0 (Windows NT 10.0; Win64; x64) AppleWebKit/537.36 (KHTML, like Gecko) Chrome/140.0.0.0 Safari/537.36 Edg/140.0.0.0', '::1', '2025-10-06 02:59:37', '2025-10-03 15:25:42.203939', '2025-10-06 11:59:37.000000', 1, 1),
(67, '$2b$10$2Z9vAImW2v04JTMVWqm8HOU2x49PYOJTiTh/oIiLE5145BG4D9nxy', 'Mozilla/5.0 (Windows NT 10.0; Win64; x64) AppleWebKit/537.36 (KHTML, like Gecko) Chrome/141.0.0.0 Safari/537.36 Edg/141.0.0.0', '::1', '2025-10-06 03:59:04', '2025-10-06 11:59:37.829868', '2025-10-06 12:59:04.000000', 1, 1),
(68, '$2b$10$pb1Gmj8uK5YOcXKFPtfbAOmDexw6j169wOVSKebG43FA3cChTPu8u', 'Mozilla/5.0 (Windows NT 10.0; Win64; x64) AppleWebKit/537.36 (KHTML, like Gecko) Chrome/141.0.0.0 Safari/537.36 Edg/141.0.0.0', '::1', '2025-10-06 04:44:54', '2025-10-06 12:59:04.831463', '2025-10-06 13:44:54.000000', 1, 1),
(69, '$2b$10$T00FtoRySFAijXRbCyGetuiDpU0VYNTYCFUz2i5z7d6iwvVm2tHI2', 'Mozilla/5.0 (Windows NT 10.0; Win64; x64) AppleWebKit/537.36 (KHTML, like Gecko) Chrome/141.0.0.0 Safari/537.36 Edg/141.0.0.0', '::1', '2025-10-06 09:29:21', '2025-10-06 13:44:55.239362', '2025-10-06 18:29:21.000000', 1, 1),
(70, '$2b$10$nQXSdm5B/dWVpaHOTPiXbO/Z3IJiJtf.Gnci0F.L291yNPrchy0Ma', 'Mozilla/5.0 (Windows NT 10.0; Win64; x64) AppleWebKit/537.36 (KHTML, like Gecko) Chrome/141.0.0.0 Safari/537.36 Edg/141.0.0.0', '::1', '2025-10-06 09:29:25', '2025-10-06 18:29:21.563186', '2025-10-06 18:29:25.000000', 1, 1),
(71, '$2b$10$yXmwxN0oCXxGWGJ3rYdATOxu7M1e59I65WouWoEv.eljryiHnkdKK', 'Mozilla/5.0 (Windows NT 10.0; Win64; x64) AppleWebKit/537.36 (KHTML, like Gecko) Chrome/141.0.0.0 Safari/537.36 Edg/141.0.0.0', '::1', '2025-10-07 01:00:27', '2025-10-06 18:29:45.128962', '2025-10-07 10:00:27.000000', 1, 1),
(72, '$2b$10$tnjIP8GR/C74zKOpIHnMS.APR7JIfDw0Kk84R3X3Q5qnZ5KXkclRS', 'Mozilla/5.0 (Windows NT 10.0; Win64; x64) AppleWebKit/537.36 (KHTML, like Gecko) Chrome/141.0.0.0 Safari/537.36 Edg/141.0.0.0', '::1', '2025-10-07 09:19:13', '2025-10-07 10:00:27.630319', '2025-10-07 18:19:13.000000', 1, 1),
(73, '$2b$10$xUqtKPMcB09Int8M7x8tgufnGDDeXibMi3xO45FI99YgUWBR.N/BW', 'Mozilla/5.0 (Windows NT 10.0; Win64; x64) AppleWebKit/537.36 (KHTML, like Gecko) Chrome/141.0.0.0 Safari/537.36 Edg/141.0.0.0', '::1', '2025-10-07 09:19:27', '2025-10-07 18:19:13.278859', '2025-10-07 18:19:27.000000', 1, 1),
(74, '$2b$10$bhg4YnCijOAa9LdFyym13OzgZTwiujTO5K2Bz71UEP1bkPMbbTXYe', 'Mozilla/5.0 (Windows NT 10.0; Win64; x64) AppleWebKit/537.36 (KHTML, like Gecko) Chrome/141.0.0.0 Safari/537.36 Edg/141.0.0.0', '::1', '2025-10-08 02:09:15', '2025-10-07 18:19:48.190750', '2025-10-08 11:09:15.000000', 1, 1),
(75, '$2b$10$qKvqyd2vnprAq53YSRytBuDp.hfkN1.zdq87C2vXQ9ydahl9ijYZC', 'Mozilla/5.0 (Windows NT 10.0; Win64; x64) AppleWebKit/537.36 (KHTML, like Gecko) Chrome/141.0.0.0 Safari/537.36 Edg/141.0.0.0', '::1', '2025-10-08 07:36:38', '2025-10-08 11:09:15.278789', '2025-10-08 16:36:38.000000', 1, 1),
(76, '$2b$10$Cirz1zxTTIrzi4seNSTncOattn4Hy0cTSFceQakx1zycDmLKT0hBS', 'Mozilla/5.0 (Windows NT 10.0; Win64; x64) AppleWebKit/537.36 (KHTML, like Gecko) Chrome/141.0.0.0 Safari/537.36 Edg/141.0.0.0', '::1', '2025-10-08 07:36:43', '2025-10-08 16:36:38.204642', '2025-10-08 16:36:43.000000', 1, 1),
(77, '$2b$10$v3NGm1kzNdzdDX9fucR69uEFk7G23L/9gBL58ixpGtT6RcQMtzkjC', 'Mozilla/5.0 (Windows NT 10.0; Win64; x64) AppleWebKit/537.36 (KHTML, like Gecko) Chrome/141.0.0.0 Safari/537.36 Edg/141.0.0.0', '::1', '2025-10-13 08:52:32', '2025-10-08 16:37:32.041586', '2025-10-13 17:52:32.000000', 1, 3),
(78, '$2b$10$e4RkdAQ5pgxaCobd/xTaw.6vRZHkk.eemgE75KfBbD/KZA49UI2bi', 'Mozilla/5.0 (Windows NT 10.0; Win64; x64) AppleWebKit/537.36 (KHTML, like Gecko) Chrome/141.0.0.0 Safari/537.36 Edg/141.0.0.0', '::1', '2025-10-13 09:25:01', '2025-10-13 17:52:32.889014', '2025-10-13 18:25:01.000000', 1, 3),
(79, '$2b$10$FpKwJ8n.4Ji6YKeUbbKRhOwCUoIJgBiZqOYZIIuMY6Jj8XBcEuS3S', 'Mozilla/5.0 (Windows NT 10.0; Win64; x64) AppleWebKit/537.36 (KHTML, like Gecko) Chrome/141.0.0.0 Safari/537.36 Edg/141.0.0.0', '::1', '2025-10-13 09:57:18', '2025-10-13 18:25:02.729080', '2025-10-13 18:57:18.000000', 1, 3),
(80, '$2b$10$PQ0rEOjwYzo1K07V62YQ1.1LryCH4XxJnnK9qmC9PT7v459Z8yVMG', 'Mozilla/5.0 (Windows NT 10.0; Win64; x64) AppleWebKit/537.36 (KHTML, like Gecko) Chrome/141.0.0.0 Safari/537.36 Edg/141.0.0.0', '::1', '2025-10-13 23:41:28', '2025-10-13 18:57:18.454653', '2025-10-14 08:41:28.000000', 1, 3),
(81, '$2b$10$D9BhXW16BSUJrEN61Xlicevdtilt0ZvR/s/Mka.UuXyZ1w8VVJ.kS', 'Mozilla/5.0 (Windows NT 10.0; Win64; x64) AppleWebKit/537.36 (KHTML, like Gecko) Chrome/141.0.0.0 Safari/537.36 Edg/141.0.0.0', '::1', '2025-10-14 07:18:22', '2025-10-14 08:41:29.044260', '2025-10-14 16:18:22.000000', 1, 3),
(82, '$2b$10$o1zK7XDp3fT5OmA40MW79O7drBWa0rM6yQtyDtth7oVdefZ3CRo/u', 'Mozilla/5.0 (Windows NT 10.0; Win64; x64) AppleWebKit/537.36 (KHTML, like Gecko) Chrome/141.0.0.0 Safari/537.36 Edg/141.0.0.0', '::1', '2025-10-14 07:49:00', '2025-10-14 16:18:22.916431', '2025-10-14 16:49:00.000000', 1, 3),
(83, '$2b$10$pDU55r2L056by51ni/7i0eSuAwiatazwmiq5dnM/sDZKmqk9aT4O2', 'Mozilla/5.0 (Windows NT 10.0; Win64; x64) AppleWebKit/537.36 (KHTML, like Gecko) Chrome/141.0.0.0 Safari/537.36 Edg/141.0.0.0', '::1', '2025-10-14 08:19:08', '2025-10-14 16:49:00.376422', '2025-10-14 17:19:08.000000', 1, 3),
(84, '$2b$10$/sVpILQ.Dhs1xGk/5pMF5.F.QeyXdpbm6YXQF9yp.F4eIjInlZBfy', 'Mozilla/5.0 (Windows NT 10.0; Win64; x64) AppleWebKit/537.36 (KHTML, like Gecko) Chrome/141.0.0.0 Safari/537.36 Edg/141.0.0.0', '::1', '2025-10-14 09:24:27', '2025-10-14 17:19:09.020865', '2025-10-14 18:24:27.000000', 1, 3),
(85, '$2b$10$QA4UZZGtMBGjfkmSrblvGupY/RzVBxS.HGoWyQnnO6/HtkL7fR0Um', 'Mozilla/5.0 (Windows NT 10.0; Win64; x64) AppleWebKit/537.36 (KHTML, like Gecko) Chrome/141.0.0.0 Safari/537.36 Edg/141.0.0.0', '::1', '2025-10-14 22:55:55', '2025-10-14 18:24:28.400776', '2025-10-15 07:55:55.000000', 1, 3),
(86, '$2b$10$Om28oqxKN1JSa8m3jsEUUuVF5wcCRfsezl12S1kXYPH8WUe7Wzl7O', 'Mozilla/5.0 (Windows NT 10.0; Win64; x64) AppleWebKit/537.36 (KHTML, like Gecko) Chrome/141.0.0.0 Safari/537.36 Edg/141.0.0.0', '::1', '2025-10-15 01:17:50', '2025-10-15 07:55:55.916933', '2025-10-15 10:17:50.000000', 1, 3),
(87, '$2b$10$RrZvFbm1emNljYHDMN6vTez.xbLxb8GdRmGBwt/X/qD1HVINACxuS', 'Mozilla/5.0 (Windows NT 10.0; Win64; x64) AppleWebKit/537.36 (KHTML, like Gecko) Chrome/141.0.0.0 Safari/537.36 Edg/141.0.0.0', '::1', '2025-10-15 02:45:56', '2025-10-15 10:17:50.495375', '2025-10-15 11:45:56.000000', 1, 3),
(88, '$2b$10$yS5wVJl5Yc3sY79TyjqwZeEuwgosSgY4SrYRAKrsREJGf059IGHy2', 'Mozilla/5.0 (Windows NT 10.0; Win64; x64) AppleWebKit/537.36 (KHTML, like Gecko) Chrome/141.0.0.0 Safari/537.36 Edg/141.0.0.0', '::1', '2025-10-15 06:39:33', '2025-10-15 11:45:56.899615', '2025-10-15 15:39:33.000000', 1, 3),
(89, '$2b$10$mFBXcWXum1B3JDmkU74SUOoCcXAr5zY0.NTU.XMdyTqg2JxUDXQM.', 'Mozilla/5.0 (Windows NT 10.0; Win64; x64) AppleWebKit/537.36 (KHTML, like Gecko) Chrome/141.0.0.0 Safari/537.36 Edg/141.0.0.0', '::1', '2025-10-15 07:10:27', '2025-10-15 15:39:33.443565', '2025-10-15 16:10:27.000000', 1, 3),
(90, '$2b$10$J6MlCe0z/ZiAYyoKh4fnmuLxjK4sdOPaxVrdwXj4bXCS168INjQAC', 'Mozilla/5.0 (Windows NT 10.0; Win64; x64) AppleWebKit/537.36 (KHTML, like Gecko) Chrome/141.0.0.0 Safari/537.36 Edg/141.0.0.0', '::1', '2025-10-15 23:14:14', '2025-10-15 16:10:27.658491', '2025-10-16 08:14:14.000000', 1, 3),
(91, '$2b$10$1eH8OyhlInDGTy06wCdlNOzpLduWu7IvDahU0eRmVvVvSvKaKCCCC', 'Mozilla/5.0 (Windows NT 10.0; Win64; x64) AppleWebKit/537.36 (KHTML, like Gecko) Chrome/141.0.0.0 Safari/537.36 Edg/141.0.0.0', '::1', '2025-10-16 00:21:38', '2025-10-16 08:14:16.107647', '2025-10-16 09:21:38.000000', 1, 3),
(92, '$2b$10$tRrQinoFjE1qimLcF7kgceRvsEbBZKx82FjprZR6d6vt9vB.GuTZ2', 'Mozilla/5.0 (Windows NT 10.0; Win64; x64) AppleWebKit/537.36 (KHTML, like Gecko) Chrome/141.0.0.0 Safari/537.36 Edg/141.0.0.0', '::1', '2025-10-16 02:20:00', '2025-10-16 09:21:38.412929', '2025-10-16 11:20:00.000000', 1, 3),
(93, '$2b$10$7aJ00flvIIcNmiiQ9O68HOokMPUD84V.RmP8wngq6uOrV0nxJR2Xy', 'Mozilla/5.0 (Windows NT 10.0; Win64; x64) AppleWebKit/537.36 (KHTML, like Gecko) Chrome/141.0.0.0 Safari/537.36 Edg/141.0.0.0', '::1', '2025-10-16 05:33:46', '2025-10-16 11:20:00.349038', '2025-10-16 14:33:46.000000', 1, 3),
(94, '$2b$10$8zM/4cD9br30qu6WWPOZhOKwTJuCZ72f3vq7.OO.g63wTb8Y57u5O', 'Mozilla/5.0 (Windows NT 10.0; Win64; x64) AppleWebKit/537.36 (KHTML, like Gecko) Chrome/141.0.0.0 Safari/537.36 Edg/141.0.0.0', '::1', '2025-10-16 06:18:33', '2025-10-16 14:33:46.153081', '2025-10-16 15:18:33.000000', 1, 3),
(95, '$2b$10$EH.vMgId5d.m7GWNfVPQWOUayIS7gSPBk0uQfGgUrkri.OwGmk1BG', 'Mozilla/5.0 (Windows NT 10.0; Win64; x64) AppleWebKit/537.36 (KHTML, like Gecko) Chrome/141.0.0.0 Safari/537.36 Edg/141.0.0.0', '::1', '2025-10-16 08:24:05', '2025-10-16 15:18:33.513966', '2025-10-16 17:24:05.000000', 1, 3),
(96, '$2b$10$PJUGLAi220TQ71FLtd1VduvYHY/BCDMH/VP6kQL8SFecijai2rZC2', 'Mozilla/5.0 (Windows NT 10.0; Win64; x64) AppleWebKit/537.36 (KHTML, like Gecko) Chrome/141.0.0.0 Safari/537.36 Edg/141.0.0.0', '::1', '2025-10-21 23:42:11', '2025-10-16 17:24:06.059192', '2025-10-22 08:42:11.000000', 1, 3),
(97, '$2b$10$qhDbAo0PsG9EyTDtv7FihOW31y4ngVyMdBduXoicT34DC6OfhwlLC', 'Mozilla/5.0 (Windows NT 10.0; Win64; x64) AppleWebKit/537.36 (KHTML, like Gecko) Chrome/141.0.0.0 Safari/537.36 Edg/141.0.0.0', '::1', '2025-10-22 01:04:25', '2025-10-22 08:42:11.496998', '2025-10-22 10:04:25.000000', 1, 3),
(98, '$2b$10$WkPSn06YyYh4gnnl0QWGUOUwC5gjNTl/GDoSnXibfPk7BUllisdNm', 'Mozilla/5.0 (Windows NT 10.0; Win64; x64) AppleWebKit/537.36 (KHTML, like Gecko) Chrome/141.0.0.0 Safari/537.36 Edg/141.0.0.0', '::1', '2025-10-22 03:43:41', '2025-10-22 10:04:25.634740', '2025-10-22 12:43:41.000000', 1, 3),
(99, '$2b$10$lOvrMvfY7k4cT05KfDnf2ubHrf09YvP973udpWvvJZCaJXQqFmV1u', 'Mozilla/5.0 (Windows NT 10.0; Win64; x64) AppleWebKit/537.36 (KHTML, like Gecko) Chrome/141.0.0.0 Safari/537.36 Edg/141.0.0.0', '::1', '2025-10-22 05:57:16', '2025-10-22 12:43:41.355079', '2025-10-22 14:57:16.000000', 1, 3),
(100, '$2b$10$hmPYRyc3FZTtkc79TY2ON..rLAKspSoijPerKQjuADhYMecgT3NCm', 'Mozilla/5.0 (Windows NT 10.0; Win64; x64) AppleWebKit/537.36 (KHTML, like Gecko) Chrome/141.0.0.0 Safari/537.36 Edg/141.0.0.0', '::1', '2025-10-22 07:18:46', '2025-10-22 14:57:16.868410', '2025-10-22 16:18:46.000000', 1, 3),
(101, '$2b$10$wa8mmhlh.woaJfapKVRScOygrgteNxkFLHgc0FKo5qXTsipQkxOPW', 'Mozilla/5.0 (Windows NT 10.0; Win64; x64) AppleWebKit/537.36 (KHTML, like Gecko) Chrome/141.0.0.0 Safari/537.36 Edg/141.0.0.0', '::1', '2025-10-22 07:48:58', '2025-10-22 16:18:46.183399', '2025-10-22 16:48:58.000000', 1, 3),
(102, '$2b$10$thx9zGjCUKnwpwRnQ/ZAeOG0vBWjmIAvH.jZtQO5XN26jWQ6d1SOq', 'Mozilla/5.0 (Windows NT 10.0; Win64; x64) AppleWebKit/537.36 (KHTML, like Gecko) Chrome/141.0.0.0 Safari/537.36 Edg/141.0.0.0', '::1', '2025-10-22 23:19:00', '2025-10-22 16:48:58.369329', '2025-10-23 08:19:00.000000', 1, 3),
(103, '$2b$10$u6A5khtb6AbJPIowsnTHKeKetKH3lLUUTprbE32D.MRHpZJtr9qiC', 'Mozilla/5.0 (Windows NT 10.0; Win64; x64) AppleWebKit/537.36 (KHTML, like Gecko) Chrome/141.0.0.0 Safari/537.36 Edg/141.0.0.0', '::1', '2025-10-23 04:45:43', '2025-10-23 08:19:00.857307', '2025-10-23 13:45:43.000000', 1, 3),
(104, '$2b$10$GIngm4POxa6rS.hGMONmFucwzSTvT3wRyINOoaoKx57Pna38cqxei', 'Mozilla/5.0 (Windows NT 10.0; Win64; x64) AppleWebKit/537.36 (KHTML, like Gecko) Chrome/141.0.0.0 Safari/537.36 Edg/141.0.0.0', '::1', '2025-10-23 23:54:58', '2025-10-23 13:45:43.593656', '2025-10-24 08:54:58.000000', 1, 3),
(105, '$2b$10$JgJiR6XWNocQEx3Lh90t5eHEKI3ewSMBIWmUXBgke8VLK9N6bbWMu', 'Mozilla/5.0 (Windows NT 10.0; Win64; x64) AppleWebKit/537.36 (KHTML, like Gecko) Chrome/141.0.0.0 Safari/537.36 Edg/141.0.0.0', '::1', '2025-10-24 01:14:47', '2025-10-24 08:54:58.980508', '2025-10-24 10:14:47.000000', 1, 3),
(106, '$2b$10$.sB.RIqlmair.OOKsg771ua6jEHymBSOZQ91ndadh31SVaBC3.40K', 'Mozilla/5.0 (Windows NT 10.0; Win64; x64) AppleWebKit/537.36 (KHTML, like Gecko) Chrome/141.0.0.0 Safari/537.36 Edg/141.0.0.0', '::1', '2025-10-24 02:22:29', '2025-10-24 10:14:47.246675', '2025-10-24 11:22:29.000000', 1, 3),
(107, '$2b$10$Yiz7oJL6LOgp1u3oPVVeDu7eECHPxGDYvpIs3r3dU4.NiYfb9APeW', 'Mozilla/5.0 (Windows NT 10.0; Win64; x64) AppleWebKit/537.36 (KHTML, like Gecko) Chrome/141.0.0.0 Safari/537.36 Edg/141.0.0.0', '::1', '2025-10-24 02:59:05', '2025-10-24 11:22:29.898712', '2025-10-24 11:59:05.000000', 1, 3),
(108, '$2b$10$mDkY4bSP0KtbIss.zLtadO7LH/9D9Bal458divVbGyvjQYGcyfTpu', 'Mozilla/5.0 (Windows NT 10.0; Win64; x64) AppleWebKit/537.36 (KHTML, like Gecko) Chrome/141.0.0.0 Safari/537.36 Edg/141.0.0.0', '::1', '2025-10-26 23:18:16', '2025-10-24 11:59:05.538743', '2025-10-27 08:18:16.000000', 1, 3),
(109, '$2b$10$qnmZfdSkQ.u9Oia.TGqenO4cQoqnl3M9vItzWHrRpW4j5v9LB1cVK', 'Mozilla/5.0 (Windows NT 10.0; Win64; x64) AppleWebKit/537.36 (KHTML, like Gecko) Chrome/141.0.0.0 Safari/537.36 Edg/141.0.0.0', '::1', '2025-10-27 01:16:50', '2025-10-27 08:18:16.135185', '2025-10-27 10:16:50.000000', 1, 3),
(110, '$2b$10$aTziaRSxJ4uRJ5SgXhqO7.X9IcOgiI2vVI8E0R9ZiZAXgchbi7TD6', 'Mozilla/5.0 (Windows NT 10.0; Win64; x64) AppleWebKit/537.36 (KHTML, like Gecko) Chrome/141.0.0.0 Safari/537.36 Edg/141.0.0.0', '::1', '2025-10-27 01:49:01', '2025-10-27 10:16:50.369516', '2025-10-27 10:49:01.000000', 1, 3),
(111, '$2b$10$SQ6jWvBXoN5VbROeE6gluexZqgvnzNkWAYCwVd691F2RXw2Rqq0Ey', 'Mozilla/5.0 (Windows NT 10.0; Win64; x64) AppleWebKit/537.36 (KHTML, like Gecko) Chrome/141.0.0.0 Safari/537.36 Edg/141.0.0.0', '::1', '2025-10-27 02:31:54', '2025-10-27 10:49:01.397156', '2025-10-27 11:31:54.000000', 1, 3),
(112, '$2b$10$XGO29JovLY07DANfKQPEyurxiC9jOuEss/SEq0bCZX7ODt2Vu7ZWm', 'Mozilla/5.0 (Windows NT 10.0; Win64; x64) AppleWebKit/537.36 (KHTML, like Gecko) Chrome/141.0.0.0 Safari/537.36 Edg/141.0.0.0', '::1', '2025-10-27 03:30:57', '2025-10-27 11:31:54.912880', '2025-10-27 12:30:57.000000', 1, 3),
(113, '$2b$10$LcW2O6m9zS0IcLZFa1WeauPxIb/8QUwxpQV.G8WSkDLNVKwLAyhca', 'Mozilla/5.0 (Windows NT 10.0; Win64; x64) AppleWebKit/537.36 (KHTML, like Gecko) Chrome/141.0.0.0 Safari/537.36 Edg/141.0.0.0', '::1', '2025-10-27 04:12:34', '2025-10-27 12:30:57.366510', '2025-10-27 13:12:34.000000', 1, 3),
(114, '$2b$10$gq6ImmOYH1ExgKrLDa/G.O5yvrG.xZn8PfrPLDVdveM.R3Atv/4Ze', 'Mozilla/5.0 (Windows NT 10.0; Win64; x64) AppleWebKit/537.36 (KHTML, like Gecko) Chrome/141.0.0.0 Safari/537.36 Edg/141.0.0.0', '::1', '2025-10-27 04:45:48', '2025-10-27 13:12:34.793257', '2025-10-27 13:45:48.000000', 1, 3),
(115, '$2b$10$IMrG6m8z99e/vRc99oqOE.yhB7kGqC7I.jXXF1tuP6P8dEad9n8Fe', 'Mozilla/5.0 (Windows NT 10.0; Win64; x64) AppleWebKit/537.36 (KHTML, like Gecko) Chrome/141.0.0.0 Safari/537.36 Edg/141.0.0.0', '::1', '2025-10-27 06:27:39', '2025-10-27 13:45:48.468939', '2025-10-27 15:27:39.000000', 1, 3),
(116, '$2b$10$yii43eKeleKBcIRvkML7sOeKSWbUiKpZ9R3QZMiqNPODwfr/pGp32', 'Mozilla/5.0 (Windows NT 10.0; Win64; x64) AppleWebKit/537.36 (KHTML, like Gecko) Chrome/141.0.0.0 Safari/537.36 Edg/141.0.0.0', '::1', '2025-10-27 06:59:38', '2025-10-27 15:27:39.884507', '2025-10-27 15:59:38.000000', 1, 3),
(117, '$2b$10$y1WHZYoSDoRuOWUg/SiMMOFB0jRYb7xFD0eZ3yYYDlgzZYaPwirZi', 'Mozilla/5.0 (Windows NT 10.0; Win64; x64) AppleWebKit/537.36 (KHTML, like Gecko) Chrome/141.0.0.0 Safari/537.36 Edg/141.0.0.0', '::1', '2025-10-27 08:59:29', '2025-10-27 15:59:39.206821', '2025-10-27 17:59:29.000000', 1, 3),
(118, '$2b$10$PWKBKlxd2vVlmG/jTx5tseLyTvngDkrALEklYNNbbM3zNR42HHNM6', 'Mozilla/5.0 (Windows NT 10.0; Win64; x64) AppleWebKit/537.36 (KHTML, like Gecko) Chrome/141.0.0.0 Safari/537.36 Edg/141.0.0.0', '::1', '2025-11-03 08:59:06', '2025-10-27 17:59:29.982257', '2025-11-03 17:59:06.000000', 1, 3),
(119, '$2b$10$7oIpoCbHoPZ7KZTPjfNW7O9T9/2CFYSNFPWbqtWlMddLqC.aGU2Oi', 'Mozilla/5.0 (Windows NT 10.0; Win64; x64) AppleWebKit/537.36 (KHTML, like Gecko) Chrome/141.0.0.0 Safari/537.36 Edg/141.0.0.0', '::1', '2025-10-27 09:53:37', '2025-10-27 17:59:30.243649', '2025-10-27 18:53:37.000000', 1, 3),
(120, '$2b$10$zILrRVedEIWtyZ2TPeZwsuLfDQjQQ4ojsLsc5B1/2zZK/fD5C6.Au', 'Mozilla/5.0 (Windows NT 10.0; Win64; x64) AppleWebKit/537.36 (KHTML, like Gecko) Chrome/141.0.0.0 Safari/537.36 Edg/141.0.0.0', '::1', '2025-10-27 10:27:22', '2025-10-27 18:53:37.384279', '2025-10-27 19:27:22.000000', 1, 3),
(121, '$2b$10$OOICZdTw0m9szTFhTkDQb.pmpvVL2P/h.dpHimx3ITZO4/RK7No82', 'Mozilla/5.0 (Windows NT 10.0; Win64; x64) AppleWebKit/537.36 (KHTML, like Gecko) Chrome/141.0.0.0 Safari/537.36 Edg/141.0.0.0', '::1', '2025-10-27 22:47:50', '2025-10-27 19:27:22.422666', '2025-10-28 07:47:50.000000', 1, 3),
(122, '$2b$10$Zzue6HsAxPq/1JbvSBf83.lg0yqxD83X6nkV1VOydK21V.hAyQ6bq', 'Mozilla/5.0 (Windows NT 10.0; Win64; x64) AppleWebKit/537.36 (KHTML, like Gecko) Chrome/141.0.0.0 Safari/537.36 Edg/141.0.0.0', '::1', '2025-10-28 02:01:54', '2025-10-28 07:47:50.345175', '2025-10-28 11:01:54.000000', 1, 3),
(123, '$2b$10$AwhFGvBzZtk82JLMqGVk.OkdGj9PmFshMJB3tGJx0lzpreUcMdevu', 'Mozilla/5.0 (Windows NT 10.0; Win64; x64) AppleWebKit/537.36 (KHTML, like Gecko) Chrome/141.0.0.0 Safari/537.36 Edg/141.0.0.0', '::1', '2025-10-28 02:39:34', '2025-10-28 11:01:54.701703', '2025-10-28 11:39:34.000000', 1, 3),
(124, '$2b$10$l/48x7u.8sdDXrrGlvm0qeL8bxFTkXFTmiqVchO.3a5Rcd7Yg/Jde', 'Mozilla/5.0 (Windows NT 10.0; Win64; x64) AppleWebKit/537.36 (KHTML, like Gecko) Chrome/141.0.0.0 Safari/537.36 Edg/141.0.0.0', '::1', '2025-10-28 04:21:43', '2025-10-28 11:39:34.362390', '2025-10-28 13:21:43.000000', 1, 3),
(125, '$2b$10$bfbhw4KI6i60DoJ284jMLuygUCwBgTyJZlmaiqnksZkYIk3rWPllm', 'Mozilla/5.0 (Windows NT 10.0; Win64; x64) AppleWebKit/537.36 (KHTML, like Gecko) Chrome/141.0.0.0 Safari/537.36 Edg/141.0.0.0', '::1', '2025-10-28 05:03:51', '2025-10-28 13:21:43.890387', '2025-10-28 14:03:51.000000', 1, 3),
(126, '$2b$10$960oVhHK8d5Yi6Kb.wnH9OLwNJrmEXUQjUYSjfj3Xi3FBBFsypYFa', 'Mozilla/5.0 (Windows NT 10.0; Win64; x64) AppleWebKit/537.36 (KHTML, like Gecko) Chrome/141.0.0.0 Safari/537.36 Edg/141.0.0.0', '::1', '2025-10-28 05:36:05', '2025-10-28 14:03:51.487081', '2025-10-28 14:36:05.000000', 1, 3),
(127, '$2b$10$xqR0iZHA.mSIUZK2fbEIguteHuQ1m1xG2XkEaPb5r3ydXgJjNPtBa', 'Mozilla/5.0 (Windows NT 10.0; Win64; x64) AppleWebKit/537.36 (KHTML, like Gecko) Chrome/141.0.0.0 Safari/537.36 Edg/141.0.0.0', '::1', '2025-10-28 06:12:17', '2025-10-28 14:36:05.902248', '2025-10-28 15:12:17.000000', 1, 3),
(128, '$2b$10$xGMUSiA/rUl7Uzv7MNSNUuBq4m3Su/4mBkwR.fVwQWJyRgznOJyyq', 'Mozilla/5.0 (Windows NT 10.0; Win64; x64) AppleWebKit/537.36 (KHTML, like Gecko) Chrome/141.0.0.0 Safari/537.36 Edg/141.0.0.0', '::1', '2025-10-28 08:09:00', '2025-10-28 15:12:17.294347', '2025-10-28 17:09:00.000000', 1, 3),
(129, '$2b$10$1QvreTfFk9NpWVPmwZclHO3rh6.XhQ/aaWEl52QVBavTPywdt7ChO', 'Mozilla/5.0 (Windows NT 10.0; Win64; x64) AppleWebKit/537.36 (KHTML, like Gecko) Chrome/141.0.0.0 Safari/537.36 Edg/141.0.0.0', '::1', '2025-10-28 08:40:55', '2025-10-28 17:09:00.788581', '2025-10-28 17:40:55.000000', 1, 3),
(130, '$2b$10$1T06wVCc/ASUhE00hll0hegWRjfk08SY0Dkt5oUMNSzKScWw6nSa6', 'Mozilla/5.0 (Windows NT 10.0; Win64; x64) AppleWebKit/537.36 (KHTML, like Gecko) Chrome/141.0.0.0 Safari/537.36 Edg/141.0.0.0', '::1', '2025-10-29 04:22:34', '2025-10-28 17:40:55.458835', '2025-10-29 13:22:34.000000', 1, 3),
(131, '$2b$10$QBuADN.o6bb7Y1gu/AY7luZMhQ1BlUXuMLxZLZlkXwaw8677IdbOO', 'Mozilla/5.0 (Windows NT 10.0; Win64; x64) AppleWebKit/537.36 (KHTML, like Gecko) Chrome/141.0.0.0 Safari/537.36 Edg/141.0.0.0', '::1', '2025-10-29 04:55:12', '2025-10-29 13:22:34.288963', '2025-10-29 13:55:12.000000', 1, 3),
(132, '$2b$10$qdFtq5aGf94PL8bdUnUywOj37sGSqpXQnvw2OQ76eTQVLpvjYeEVa', 'Mozilla/5.0 (Windows NT 10.0; Win64; x64) AppleWebKit/537.36 (KHTML, like Gecko) Chrome/141.0.0.0 Safari/537.36 Edg/141.0.0.0', '::1', '2025-10-29 06:30:05', '2025-10-29 13:55:13.057984', '2025-10-29 15:30:05.000000', 1, 3),
(133, '$2b$10$5aNRqIlIoCSXvXq87A8eAO483dlwSM501HYwRn/LY.oR5hplClgyS', 'Mozilla/5.0 (Windows NT 10.0; Win64; x64) AppleWebKit/537.36 (KHTML, like Gecko) Chrome/141.0.0.0 Safari/537.36 Edg/141.0.0.0', '::1', '2025-10-30 00:22:39', '2025-10-29 15:30:05.783321', '2025-10-30 09:22:39.000000', 1, 3),
(134, '$2b$10$HUvfi5zSyRlwwa13d5H1b.6xGqDjBwSDVyskJzlGCyUALmF2ptcx6', 'Mozilla/5.0 (Windows NT 10.0; Win64; x64) AppleWebKit/537.36 (KHTML, like Gecko) Chrome/141.0.0.0 Safari/537.36 Edg/141.0.0.0', '::1', '2025-10-30 01:29:46', '2025-10-30 09:22:39.300891', '2025-10-30 10:29:46.000000', 1, 3),
(135, '$2b$10$Rrne6A3ePzq7mUyy7xIIV.xA3QXRGjmgHUicEBON4uyxh/CkC066G', 'Mozilla/5.0 (Windows NT 10.0; Win64; x64) AppleWebKit/537.36 (KHTML, like Gecko) Chrome/141.0.0.0 Safari/537.36 Edg/141.0.0.0', '::1', '2025-10-30 05:00:33', '2025-10-30 10:29:46.391855', '2025-10-30 14:00:33.000000', 1, 3),
(136, '$2b$10$4Smel3WxGvgi1NTQy3pdqeNkWVjgV6xTepkciSzRa6FGSE1lS23RC', 'Mozilla/5.0 (Windows NT 10.0; Win64; x64) AppleWebKit/537.36 (KHTML, like Gecko) Chrome/141.0.0.0 Safari/537.36 Edg/141.0.0.0', '::1', '2025-10-30 07:02:44', '2025-10-30 14:00:33.212822', '2025-10-30 16:02:44.000000', 1, 3),
(137, '$2b$10$9yDI/sHlcoiqlDFsHzPPS.Qt8lsJy.1dfSaFrFmPJ1RWZPwXiAoOq', 'Mozilla/5.0 (Windows NT 10.0; Win64; x64) AppleWebKit/537.36 (KHTML, like Gecko) Chrome/141.0.0.0 Safari/537.36 Edg/141.0.0.0', '::1', '2025-10-30 07:47:17', '2025-10-30 16:02:44.919554', '2025-10-30 16:47:17.000000', 1, 3),
(138, '$2b$10$JzhTCDTRlCpOFG/VRZ/YBex4X4m79zH5zXgGkHKszkFC9jLACXVr2', 'Mozilla/5.0 (Windows NT 10.0; Win64; x64) AppleWebKit/537.36 (KHTML, like Gecko) Chrome/141.0.0.0 Safari/537.36 Edg/141.0.0.0', '::1', '2025-11-03 08:59:06', '2025-10-30 16:47:17.971348', '2025-11-03 17:59:06.000000', 1, 3),
(139, '$2b$10$RY9daNdg0Zte1oCN1AkQuOxAe9Pb2j2xX8az5YWSyRoLY1ZooCajG', 'Mozilla/5.0 (Windows NT 10.0; Win64; x64) AppleWebKit/537.36 (KHTML, like Gecko) Chrome/142.0.0.0 Safari/537.36 Edg/142.0.0.0', '::1', '2025-11-11 09:09:25', '2025-11-03 17:59:06.795289', '2025-11-11 18:09:25.000000', 1, 3),
(140, '$2b$10$dvfjV/axdKck7pTyQkk.Hulnc4vKWj9Q60g/j0tsezA3YHIXrZ/By', 'Mozilla/5.0 (Windows NT 10.0; Win64; x64) AppleWebKit/537.36 (KHTML, like Gecko) Chrome/142.0.0.0 Safari/537.36 Edg/142.0.0.0', '::1', '2025-11-11 09:09:25', '2025-11-11 17:31:41.028230', '2025-11-11 18:09:25.000000', 1, 3),
(141, '$2b$10$fTJfZobLlmibuSdeS.S7G.8oV4yGvP4MdeDu4XmBHH6H6oatRcEUy', 'Mozilla/5.0 (Windows NT 10.0; Win64; x64) AppleWebKit/537.36 (KHTML, like Gecko) Chrome/142.0.0.0 Safari/537.36 Edg/142.0.0.0', '::1', '2025-11-11 09:56:43', '2025-11-11 18:09:25.578536', '2025-11-11 18:56:43.000000', 1, 3),
(142, '$2b$10$1HccqGV.Ttq3qYy25pD1ZOj0MGKbwox.ijSZF2S4aBKRBEBf/STs2', 'Mozilla/5.0 (Windows NT 10.0; Win64; x64) AppleWebKit/537.36 (KHTML, like Gecko) Chrome/142.0.0.0 Safari/537.36 Edg/142.0.0.0', '::1', '2025-11-11 23:10:34', '2025-11-11 18:56:44.051282', '2025-11-12 08:10:34.000000', 1, 3),
(143, '$2b$10$f9Qyq0NlAwtVd5DwTbV9F.d9ouIXRvvYyocpVI79vaEWxrIb5oKW2', 'Mozilla/5.0 (Windows NT 10.0; Win64; x64) AppleWebKit/537.36 (KHTML, like Gecko) Chrome/142.0.0.0 Safari/537.36 Edg/142.0.0.0', '::1', '2025-11-12 00:59:49', '2025-11-12 08:10:35.045279', '2025-11-12 09:59:49.000000', 1, 3),
(144, '$2b$10$zpfJbcb2LZcGzBvbihwjw.u4tfpnFHN1hhsOPcGtrehq8lf.LKTHS', 'Mozilla/5.0 (Windows NT 10.0; Win64; x64) AppleWebKit/537.36 (KHTML, like Gecko) Chrome/142.0.0.0 Safari/537.36 Edg/142.0.0.0', '::1', '2025-11-12 02:57:33', '2025-11-12 09:59:49.483793', '2025-11-12 11:57:33.000000', 1, 3),
(145, '$2b$10$MS5h4Gltrwqy5MZDkXhi4.63w4tBxU3GSQIFa9cX9oQUaa.Lspvpq', 'Mozilla/5.0 (Windows NT 10.0; Win64; x64) AppleWebKit/537.36 (KHTML, like Gecko) Chrome/142.0.0.0 Safari/537.36 Edg/142.0.0.0', '::1', '2025-11-12 03:45:21', '2025-11-12 11:57:33.725549', '2025-11-12 12:45:21.000000', 1, 3),
(146, '$2b$10$T0mwoYKgEq6FnpBSjdRZRee7jMKOJNrZPy9LkWHPmvZLkFysRlf8.', 'Mozilla/5.0 (Windows NT 10.0; Win64; x64) AppleWebKit/537.36 (KHTML, like Gecko) Chrome/142.0.0.0 Safari/537.36 Edg/142.0.0.0', '::1', '2025-11-12 04:47:21', '2025-11-12 12:45:21.805411', '2025-11-12 13:47:21.000000', 1, 3),
(147, '$2b$10$S.7Ye6LWWYecGa8PKX1Hr.WfMtcsnHC.oC1sr1tDKNg13WLQLAWRu', 'Mozilla/5.0 (Windows NT 10.0; Win64; x64) AppleWebKit/537.36 (KHTML, like Gecko) Chrome/142.0.0.0 Safari/537.36 Edg/142.0.0.0', '::1', '2025-11-12 05:23:52', '2025-11-12 13:47:21.392078', '2025-11-12 14:23:52.000000', 1, 3),
(148, '$2b$10$XMsBH8MrfzJ27y3a2c9dsOunsDuhve2I1LYPguBZm.5uQMEpiiJ9e', 'Mozilla/5.0 (Windows NT 10.0; Win64; x64) AppleWebKit/537.36 (KHTML, like Gecko) Chrome/142.0.0.0 Safari/537.36 Edg/142.0.0.0', '::1', '2025-11-12 07:44:28', '2025-11-12 14:23:52.883277', '2025-11-12 16:44:28.000000', 1, 3),
(149, '$2b$10$.VdDfNOOgzWK2x3Ww/.AceXYFEb3OUCVdr1YNA06q9hfo7LNTG5hq', 'Mozilla/5.0 (Windows NT 10.0; Win64; x64) AppleWebKit/537.36 (KHTML, like Gecko) Chrome/142.0.0.0 Safari/537.36 Edg/142.0.0.0', '::1', '2025-11-12 07:44:33', '2025-11-12 16:44:28.570723', '2025-11-12 16:44:33.000000', 1, 3),
(150, '$2b$10$pp3fGqblCl8ORZWdZS.miOuhvpM134xVVh4bYJuPdAGK0oQtOcPkq', 'Mozilla/5.0 (Windows NT 10.0; Win64; x64) AppleWebKit/537.36 (KHTML, like Gecko) Chrome/142.0.0.0 Safari/537.36 Edg/142.0.0.0', '::1', '2025-11-12 08:12:01', '2025-11-12 16:44:35.866313', '2025-11-12 17:12:01.000000', 1, 3),
(151, '$2b$10$twvpPCbwslqT2DwWbzjWPeaQIxDC43xrv./WDXlvrystYPvv2cqaK', 'Mozilla/5.0 (Windows NT 10.0; Win64; x64) AppleWebKit/537.36 (KHTML, like Gecko) Chrome/142.0.0.0 Safari/537.36 Edg/142.0.0.0', '::1', '2025-11-12 08:42:40', '2025-11-12 17:12:06.403706', '2025-11-12 17:42:40.000000', 1, 3),
(152, '$2b$10$HziCaIdQr3NZRZTE4kXQPeprB6sCIlecRZNGYdt674.D/lL/VRBnG', 'Mozilla/5.0 (Windows NT 10.0; Win64; x64) AppleWebKit/537.36 (KHTML, like Gecko) Chrome/142.0.0.0 Safari/537.36 Edg/142.0.0.0', '::1', '2025-11-12 09:16:51', '2025-11-12 17:42:40.156772', '2025-11-12 18:16:51.000000', 1, 3),
(153, '$2b$10$sVlTkbLC4UiaQwRDiHMPWuGn59PYMiZKbHognjd3rWyK5v12KsrhK', 'Mozilla/5.0 (Windows NT 10.0; Win64; x64) AppleWebKit/537.36 (KHTML, like Gecko) Chrome/142.0.0.0 Safari/537.36 Edg/142.0.0.0', '::1', '2025-11-19 00:16:51', '2025-11-12 18:16:51.580195', '2025-11-12 18:16:51.580195', 0, 3);

--
-- ダンプしたテーブルのインデックス
--

--
-- テーブルのインデックス `counter_machines`
--
ALTER TABLE `counter_machines`
  ADD PRIMARY KEY (`counter_no`,`machine_no`),
  ADD UNIQUE KEY `counter_no` (`counter_no`,`machine_no`);

--
-- テーブルのインデックス `departments`
--
ALTER TABLE `departments`
  ADD PRIMARY KEY (`id`),
  ADD UNIQUE KEY `IDX_8681da666ad9699d568b3e9106` (`name`);

--
-- テーブルのインデックス `devices`
--
ALTER TABLE `devices`
  ADD PRIMARY KEY (`factory_type`,`machine_no`),
  ADD UNIQUE KEY `machine_no` (`machine_no`);

--
-- テーブルのインデックス `factories`
--
ALTER TABLE `factories`
  ADD UNIQUE KEY `factory_type` (`factory_type`);

--
-- テーブルのインデックス `logs`
--
ALTER TABLE `logs`
  ADD PRIMARY KEY (`id`),
  ADD KEY `FK_031932e8065352a448ff50f4819` (`user_name`);

--
-- テーブルのインデックス `machine_status_history`
--
ALTER TABLE `machine_status_history`
  ADD PRIMARY KEY (`ID`);

--
-- テーブルのインデックス `maker_headdevice`
--
ALTER TABLE `maker_headdevice`
  ADD PRIMARY KEY (`factory_type`,`maker`);

--
-- テーブルのインデックス `permissions`
--
ALTER TABLE `permissions`
  ADD PRIMARY KEY (`id`);

--
-- テーブルのインデックス `positions`
--
ALTER TABLE `positions`
  ADD PRIMARY KEY (`id`),
  ADD UNIQUE KEY `IDX_5c70dc5aa01e351730e4ffc929` (`name`);

--
-- テーブルのインデックス `product_history`
--
ALTER TABLE `product_history`
  ADD PRIMARY KEY (`machine_no`,`prod_date`);

--
-- テーブルのインデックス `roles`
--
ALTER TABLE `roles`
  ADD PRIMARY KEY (`id`),
  ADD UNIQUE KEY `IDX_648e3f5447f725579d7d4ffdfb` (`name`);

--
-- テーブルのインデックス `role_permissions`
--
ALTER TABLE `role_permissions`
  ADD PRIMARY KEY (`role_id`,`permission_id`),
  ADD KEY `IDX_178199805b901ccd220ab7740e` (`role_id`),
  ADD KEY `IDX_17022daf3f885f7d35423e9971` (`permission_id`);

--
-- テーブルのインデックス `schedule_stop_machine_current`
--
ALTER TABLE `schedule_stop_machine_current`
  ADD PRIMARY KEY (`id`);

--
-- テーブルのインデックス `schedule_stop_machine_history`
--
ALTER TABLE `schedule_stop_machine_history`
  ADD PRIMARY KEY (`id`);

--
-- テーブルのインデックス `users`
--
ALTER TABLE `users`
  ADD PRIMARY KEY (`id`),
  ADD UNIQUE KEY `IDX_074a1f262efaca6aba16f7ed92` (`user_name`),
  ADD UNIQUE KEY `IDX_97672ac88f789774dd47f7c8be` (`email`),
  ADD KEY `FK_0921d1972cf861d568f5271cd85` (`department_id`),
  ADD KEY `FK_8e29a9d2f1fa57ebf1a4ce17353` (`position_id`);

--
-- テーブルのインデックス `user_roles`
--
ALTER TABLE `user_roles`
  ADD PRIMARY KEY (`user_id`,`role_id`),
  ADD KEY `IDX_87b8888186ca9769c960e92687` (`user_id`),
  ADD KEY `IDX_b23c65e50a758245a33ee35fda` (`role_id`);

--
-- テーブルのインデックス `user_tokens`
--
ALTER TABLE `user_tokens`
  ADD PRIMARY KEY (`id`),
  ADD KEY `FK_92ce9a299624e4c4ffd99b645b6` (`userId`);

--
-- ダンプしたテーブルの AUTO_INCREMENT
--

--
-- テーブルの AUTO_INCREMENT `departments`
--
ALTER TABLE `departments`
  MODIFY `id` int(11) NOT NULL AUTO_INCREMENT, AUTO_INCREMENT=4;

--
-- テーブルの AUTO_INCREMENT `logs`
--
ALTER TABLE `logs`
  MODIFY `id` int(11) NOT NULL AUTO_INCREMENT, AUTO_INCREMENT=9;

--
-- テーブルの AUTO_INCREMENT `machine_status_history`
--
ALTER TABLE `machine_status_history`
  MODIFY `ID` int(11) NOT NULL AUTO_INCREMENT, AUTO_INCREMENT=355;

--
-- テーブルの AUTO_INCREMENT `permissions`
--
ALTER TABLE `permissions`
  MODIFY `id` int(11) NOT NULL AUTO_INCREMENT, AUTO_INCREMENT=12;

--
-- テーブルの AUTO_INCREMENT `positions`
--
ALTER TABLE `positions`
  MODIFY `id` int(11) NOT NULL AUTO_INCREMENT, AUTO_INCREMENT=2;

--
-- テーブルの AUTO_INCREMENT `roles`
--
ALTER TABLE `roles`
  MODIFY `id` int(11) NOT NULL AUTO_INCREMENT, AUTO_INCREMENT=4;

--
-- テーブルの AUTO_INCREMENT `schedule_stop_machine_current`
--
ALTER TABLE `schedule_stop_machine_current`
  MODIFY `id` int(11) NOT NULL AUTO_INCREMENT, AUTO_INCREMENT=11;

--
-- テーブルの AUTO_INCREMENT `schedule_stop_machine_history`
--
ALTER TABLE `schedule_stop_machine_history`
  MODIFY `id` int(11) NOT NULL AUTO_INCREMENT, AUTO_INCREMENT=11;

--
-- テーブルの AUTO_INCREMENT `users`
--
ALTER TABLE `users`
  MODIFY `id` int(11) NOT NULL AUTO_INCREMENT, AUTO_INCREMENT=5;

--
-- テーブルの AUTO_INCREMENT `user_tokens`
--
ALTER TABLE `user_tokens`
  MODIFY `id` int(11) NOT NULL AUTO_INCREMENT, AUTO_INCREMENT=154;

--
-- ダンプしたテーブルの制約
--

--
-- テーブルの制約 `logs`
--
ALTER TABLE `logs`
  ADD CONSTRAINT `FK_031932e8065352a448ff50f4819` FOREIGN KEY (`user_name`) REFERENCES `users` (`user_name`) ON DELETE NO ACTION ON UPDATE NO ACTION;

--
-- テーブルの制約 `role_permissions`
--
ALTER TABLE `role_permissions`
  ADD CONSTRAINT `FK_17022daf3f885f7d35423e9971e` FOREIGN KEY (`permission_id`) REFERENCES `permissions` (`id`) ON DELETE NO ACTION ON UPDATE NO ACTION,
  ADD CONSTRAINT `FK_178199805b901ccd220ab7740ec` FOREIGN KEY (`role_id`) REFERENCES `roles` (`id`) ON DELETE CASCADE ON UPDATE CASCADE;

--
-- テーブルの制約 `users`
--
ALTER TABLE `users`
  ADD CONSTRAINT `FK_0921d1972cf861d568f5271cd85` FOREIGN KEY (`department_id`) REFERENCES `departments` (`id`) ON DELETE SET NULL ON UPDATE NO ACTION,
  ADD CONSTRAINT `FK_8e29a9d2f1fa57ebf1a4ce17353` FOREIGN KEY (`position_id`) REFERENCES `positions` (`id`) ON DELETE SET NULL ON UPDATE NO ACTION;

--
-- テーブルの制約 `user_roles`
--
ALTER TABLE `user_roles`
  ADD CONSTRAINT `FK_87b8888186ca9769c960e926870` FOREIGN KEY (`user_id`) REFERENCES `users` (`id`) ON DELETE CASCADE ON UPDATE CASCADE,
  ADD CONSTRAINT `FK_b23c65e50a758245a33ee35fda1` FOREIGN KEY (`role_id`) REFERENCES `roles` (`id`) ON DELETE NO ACTION ON UPDATE NO ACTION;

--
-- テーブルの制約 `user_tokens`
--
ALTER TABLE `user_tokens`
  ADD CONSTRAINT `FK_92ce9a299624e4c4ffd99b645b6` FOREIGN KEY (`userId`) REFERENCES `users` (`id`) ON DELETE CASCADE ON UPDATE NO ACTION;
COMMIT;

/*!40101 SET CHARACTER_SET_CLIENT=@OLD_CHARACTER_SET_CLIENT */;
/*!40101 SET CHARACTER_SET_RESULTS=@OLD_CHARACTER_SET_RESULTS */;
/*!40101 SET COLLATION_CONNECTION=@OLD_COLLATION_CONNECTION */;
